TV_Ad_Spend,Social_Media_Spend,Discount_Offers,Search_Engine_Marketing_Spend,Product_Category,Region,Customer_Segment,Website_Traffic,Conversion_Rate,Sales
22483.0,17282.0,30.0,10516,Electronics,East,Budget,1000,2.11,96119
19308.0,18872.0,5.0,10413,Home Appliances,North,Budget,1000,2.15,82430
23238.0,13674.0,15.0,5715,Home Appliances,East,Mid-tier,1000,3.5,115771
27615.0,12551.0,20.0,10844,FMCG,South,Mid-tier,1825,2.14,83833
18829.0,10659.0,15.0,14564,Sports,East,Mid-tier,1000,2.55,103896
18829.0,11698.0,30.0,7540,Electronics,East,Premium,1000,3.0,104194
27896.0,26796.0,10.0,15669,,East,Mid-tier,1316,2.32,132938
23837.0,19978.0,15.0,13707,,West,Premium,1000,3.53,170299
17652.0,9595.0,0.0,9430,Electronics,South,Mid-tier,1000,1.66,46976
22712.0,9710.0,15.0,11504,Electronics,South,Mid-tier,1019,1.96,70487
17682.0,16927.0,10.0,17594,Fashion,South,Premium,1049,2.41,106953
17671.0,17189.0,5.0,14567,Fashion,South,Mid-tier,1235,1.55,70278
,17195.0,15.0,12030,Home Appliances,South,Premium,1312,2.58,102354
10433.0,13980.0,15.0,11168,Sports,North,Premium,1419,3.0,101037
11375.0,14498.0,0.0,12268,FMCG,North,Mid-tier,1000,2.41,67334
17188.0,16311.0,20.0,10208,Sports,North,Mid-tier,1493,2.1,83127
14935.0,15343.0,15.0,4633,FMCG,East,Budget,1000,2.21,69751
21571.0,6122.0,5.0,19147,Electronics,East,Mid-tier,1108,0.99,42236
15459.0,14080.0,15.0,12543,Fashion,South,Budget,1050,2.72,102723
12938.0,11594.0,20.0,13393,Fashion,West,Mid-tier,1000,2.51,85807
27328.0,15700.0,15.0,11797,Electronics,South,Premium,1176,2.3,94967
18871.0,26941.0,10.0,9427,,North,Premium,2066,2.81,129169
20337.0,16469.0,10.0,11349,FMCG,South,Budget,1319,1.62,73588
12876.0,13745.0,,6402,Electronics,East,Mid-tier,1000,1.03,32480
17278.0,18687.0,30.0,19969,FMCG,South,Budget,2335,1.86,102713
20554.0,16930.0,20.0,7679,Sports,North,Mid-tier,1000,2.7,96515
14245.0,16680.0,0.0,8388,Fashion,South,Mid-tier,1000,2.48,70641
21878.0,,15.0,10459,Fashion,East,Premium,1000,2.74,110951
16996.0,23226.0,25.0,16508,Fashion,West,Budget,1551,2.23,109897
18541.0,10476.0,0.0,12050,Sports,North,Premium,1658,2.66,84462
16991.0,16894.0,30.0,7673,Sports,South,Premium,1000,2.91,121591
29261.0,,30.0,16390,Home Appliances,East,Premium,1000,2.28,109668
19932.0,17222.0,0.0,14558,FMCG,North,Budget,1610,1.46,60584
14711.0,11325.0,30.0,13884,FMCG,North,Mid-tier,1000,2.15,74599
24112.0,13330.0,10.0,14505,Home Appliances,East,Mid-tier,1312,2.25,96795
13895.0,13819.0,25.0,20380,Fashion,South,Budget,1000,2.16,94940
21044.0,18903.0,10.0,19647,FMCG,South,Mid-tier,1426,1.78,90707
10201.0,18673.0,10.0,9596,FMCG,South,Budget,1000,1.1,39912
13359.0,10017.0,15.0,17683,Fashion,North,Budget,2501,2.34,87052
20984.0,15219.0,,13341,Electronics,,Mid-tier,1366,1.67,68797
23692.0,12161.0,0.0,13746,Electronics,North,Premium,1000,2.69,100124
20856.0,9965.0,15.0,6077,Home Appliances,South,Budget,1000,1.83,57260
19421.0,14131.0,5.0,11403,Sports,North,Budget,1312,1.5,52789
18494.0,13766.0,10.0,9155,,West,Budget,1000,1.94,72517
12607.0,24706.0,10.0,14898,FMCG,North,Budget,1000,1.17,54730
16400.0,16731.0,15.0,15748,Home Appliances,East,Mid-tier,1000,3.03,120493
17696.0,9489.0,10.0,4739,Home Appliances,South,Mid-tier,1000,3.48,87095
25285.0,,5.0,11922,FMCG,South,Budget,1000,2.14,70233
21718.0,19085.0,,15926,Fashion,South,Premium,1000,1.96,99069
11184.0,23353.0,0.0,11346,Fashion,North,Mid-tier,1505,0.84,22153
,8656.0,15.0,14551,Sports,North,Premium,1000,2.89,111467
18074.0,7480.0,30.0,13229,FMCG,North,Premium,1000,1.87,74839
16615.0,22483.0,5.0,13195,FMCG,South,Budget,1000,1.47,57365
23058.0,16558.0,,11050,FMCG,North,Mid-tier,1332,3.18,138890
25154.0,11526.0,20.0,7741,FMCG,,Budget,1062,2.47,85873
24656.0,17138.0,15.0,8074,Home Appliances,North,Budget,1469,2.46,96826
15803.0,4457.0,15.0,14482,Electronics,South,Premium,1000,2.64,82628
18453.0,15013.0,25.0,12068,FMCG,East,Premium,1078,3.31,128440
21656.0,16311.0,5.0,11515,Electronics,North,Premium,1144,1.24,43893
24877.0,18697.0,15.0,10516,Fashion,South,Budget,1000,1.08,52997
17604.0,10944.0,20.0,10931,Sports,East,Budget,1961,1.63,58363
19071.0,15342.0,15.0,15664,Fashion,East,Budget,1507,2.08,88929
,11298.0,25.0,10826,FMCG,West,Budget,1000,1.61,58148
14018.0,16021.0,0.0,7306,Fashion,North,Budget,1000,1.92,48090
24062.0,11418.0,20.0,14602,Home Appliances,South,Budget,1642,1.25,52190
26781.0,13367.0,15.0,11282,Electronics,West,Budget,1045,1.76,71661
19639.0,11016.0,10.0,12109,FMCG,North,Budget,1301,1.91,69553
25017.0,17604.0,10.0,17626,,East,Mid-tier,1000,2.5,117045
21808.0,18433.0,15.0,11928,Electronics,North,Mid-tier,1000,1.91,89279
16774.0,14061.0,25.0,13012,Home Appliances,South,Mid-tier,1000,2.27,91295
21806.0,15152.0,15.0,7873,Fashion,East,Mid-tier,1000,1.32,53049
27690.0,9205.0,25.0,11231,FMCG,West,Budget,1122,1.75,72554
19820.0,13801.0,10.0,14133,Fashion,North,Budget,1692,2.13,76131
27823.0,14799.0,5.0,6556,Sports,North,Premium,1500,2.3,85806
6901.0,25483.0,0.0,12702,FMCG,West,Premium,1660,1.95,69034
24109.0,10552.0,0.0,12352,Fashion,North,Mid-tier,1000,2.39,76837
20435.0,20856.0,10.0,12144,FMCG,North,Premium,1000,3.96,163533
18504.0,18987.0,10.0,15630,,North,Mid-tier,1579,3.24,140472
20458.0,16122.0,20.0,13170,FMCG,East,Budget,1611,1.88,70004
10062.0,22034.0,,17173,,East,Budget,1438,2.1,94039
18901.0,16488.0,0.0,8522,Electronics,South,Premium,1000,3.38,116869
21785.0,16556.0,5.0,12475,Fashion,North,Budget,1000,1.74,70117
27389.0,14787.0,10.0,12295,FMCG,South,Budget,1180,1.87,86995
17408.0,19894.0,15.0,8257,Home Appliances,East,Mid-tier,1000,1.98,73903
15957.0,19385.0,5.0,15347,FMCG,North,Premium,1288,3.92,166602
17491.0,12497.0,5.0,20136,Fashion,South,Budget,1648,1.93,74396
24577.0,9723.0,30.0,11940,,North,Premium,1000,2.58,106767
21643.0,14188.0,25.0,13767,Fashion,North,Budget,1000,1.54,70681
17351.0,11799.0,5.0,12295,,West,Mid-tier,1000,1.1,44576
22566.0,14745.0,10.0,9502,FMCG,South,Budget,1356,1.02,38340
20485.0,19949.0,10.0,5627,FMCG,East,Premium,1167,2.06,69612
24843.0,13170.0,20.0,9529,Electronics,South,Premium,1200,3.25,126287
16489.0,14828.0,15.0,7128,FMCG,South,Mid-tier,1661,2.33,82901
18361.0,15232.0,5.0,17964,Home Appliances,South,Budget,1229,1.13,50015
18039.0,18393.0,20.0,11597,Home Appliances,West,Mid-tier,1143,1.69,72564
12682.0,6012.0,10.0,10789,Fashion,North,Premium,1012,2.7,61528
21480.0,12573.0,10.0,15112,Electronics,East,Mid-tier,1000,2.98,123095
21305.0,15845.0,10.0,8073,Sports,West,Budget,1000,1.22,45557
20025.0,19800.0,15.0,9315,Fashion,,Budget,1000,1.92,82274
18827.0,13032.0,10.0,12238,Electronics,West,Mid-tier,1210,1.87,69361
12923.0,,5.0,15600,Electronics,North,Premium,1000,2.2,77383
17896.0,17478.0,10.0,13755,Fashion,East,Premium,1290,1.78,70730
18286.0,12458.0,0.0,12869,Fashion,South,Mid-tier,1000,2.31,75601
15988.0,10241.0,20.0,12273,FMCG,West,Budget,1000,1.55,61540
19193.0,12502.0,5.0,13400,,East,Budget,1357,1.5,59924
22020.0,14261.0,0.0,12705,Home Appliances,,Budget,1000,1.99,79768
29430.0,12581.0,20.0,8395,FMCG,East,Budget,1000,2.22,89977
20872.0,6177.0,20.0,12161,Electronics,West,Premium,2214,2.16,74983
21287.0,18588.0,25.0,8242,Sports,North,Budget,1893,1.93,75151
19627.0,20099.0,15.0,12283,Sports,South,Mid-tier,1000,2.64,112549
10406.0,17606.0,5.0,10317,Fashion,West,Mid-tier,1000,1.96,63827
19867.0,10449.0,20.0,20887,,West,Mid-tier,1059,2.57,117135
20301.0,14194.0,20.0,11860,Sports,North,Mid-tier,1000,2.02,77881
32316.0,,5.0,7085,Electronics,West,Budget,2041,1.5,54610
19038.0,17395.0,30.0,11530,FMCG,East,Premium,1000,2.12,98265
21507.0,,5.0,13817,Sports,South,Budget,1000,2.34,102630
19826.0,12063.0,30.0,17856,Fashion,East,Premium,1190,2.43,109422
14156.0,15327.0,25.0,9936,FMCG,North,Budget,1000,1.44,61844
25714.0,16829.0,20.0,6461,Fashion,West,Premium,1000,1.95,83638
23759.0,,30.0,14858,Sports,South,Mid-tier,1864,2.35,114111
23955.0,17818.0,20.0,7167,FMCG,North,Mid-tier,1049,1.64,68209
15453.0,18156.0,5.0,10473,Sports,East,Premium,1567,2.02,78480
27013.0,15335.0,,11098,Electronics,West,Premium,1000,3.02,116697
12990.0,20641.0,0.0,11756,FMCG,West,Premium,1000,2.67,89010
22934.0,16639.0,10.0,14412,Fashion,North,Mid-tier,1801,1.39,65949
30952.0,11555.0,20.0,9607,Electronics,East,Mid-tier,1354,2.6,113711
15047.0,20613.0,10.0,11041,Home Appliances,West,Budget,1562,1.69,65526
17168.0,17791.0,10.0,11950,Fashion,,Premium,1579,3.24,120731
20498.0,13227.0,15.0,12523,Sports,South,Premium,1000,3.49,122730
17482.0,13082.0,25.0,12342,Fashion,West,Premium,1000,1.61,64755
12246.0,16186.0,0.0,13526,Home Appliances,,Mid-tier,1000,2.38,73217
20342.0,16852.0,10.0,14953,Fashion,West,Premium,1334,3.55,147500
14688.0,15789.0,5.0,13374,Electronics,North,Premium,1046,2.59,99197
22367.0,16245.0,20.0,13587,Fashion,West,Mid-tier,1000,2.58,106680
15402.0,21799.0,5.0,6462,FMCG,West,Premium,1000,2.6,87357
27749.0,19286.0,20.0,12175,Home Appliances,East,Budget,1881,2.19,111264
16083.0,15762.0,10.0,13678,Fashion,East,Mid-tier,1000,2.3,83825
18389.0,,5.0,14551,Home Appliances,South,Mid-tier,2176,1.01,45686
24067.0,10869.0,30.0,9576,Electronics,South,Mid-tier,1000,2.23,92011
13845.0,16591.0,0.0,9693,FMCG,South,Budget,1007,1.53,48106
21137.0,22237.0,10.0,9990,Sports,West,Mid-tier,1000,2.47,105629
26535.0,14127.0,0.0,13877,Fashion,,Mid-tier,1000,2.59,100897
11962.0,11609.0,15.0,15618,Electronics,South,Mid-tier,1000,2.03,70557
20923.0,12391.0,,10573,,North,Mid-tier,1969,1.49,57596
21299.0,10641.0,10.0,15177,Home Appliances,North,Budget,1000,1.81,61453
23909.0,11860.0,5.0,12432,Electronics,West,Premium,1000,1.98,63176
13815.0,13517.0,10.0,11564,Fashion,North,Premium,1000,2.14,69808
13397.0,9377.0,,11260,Sports,,Mid-tier,1000,3.51,105969
22609.0,15062.0,20.0,14613,Fashion,South,Budget,1450,1.46,69247
21484.0,18609.0,15.0,13139,FMCG,North,Mid-tier,1000,1.31,52950
21252.0,,15.0,19965,Fashion,North,Premium,1000,2.97,137170
21732.0,21077.0,5.0,9017,FMCG,West,Premium,1475,2.89,115679
16599.0,17043.0,10.0,13813,Home Appliances,West,Budget,1000,2.05,86502
21161.0,19122.0,5.0,10147,FMCG,West,Premium,1000,2.98,112837
21465.0,12368.0,5.0,8957,Sports,North,Mid-tier,1000,2.12,71242
16428.0,18418.0,5.0,11961,Electronics,South,Budget,1329,1.7,67389
29328.0,10632.0,,12480,FMCG,East,Premium,1338,3.19,135451
22369.0,18560.0,15.0,22213,Fashion,West,Mid-tier,1770,3.01,164289
14043.0,15687.0,30.0,11355,FMCG,West,Budget,1000,1.26,51739
23282.0,17213.0,5.0,8044,Home Appliances,West,Mid-tier,1000,1.74,64123
15126.0,10297.0,15.0,12955,FMCG,South,Premium,1342,2.99,95239
23935.0,11419.0,25.0,4738,Sports,East,Mid-tier,1000,2.39,80793
25792.0,17388.0,,11678,,East,Budget,1000,0.95,39326
15896.0,11206.0,10.0,12056,Sports,West,Mid-tier,1000,1.8,52027
24816.0,16852.0,10.0,14781,Fashion,North,Premium,1000,2.71,133904
22063.0,9531.0,0.0,15407,Home Appliances,West,Budget,1000,1.61,67893
24110.0,18392.0,10.0,10237,Electronics,West,Budget,1132,1.53,71109
29483.0,10069.0,20.0,11472,Fashion,North,Premium,1143,4.19,168260
18773.0,17209.0,0.0,9318,Fashion,North,Mid-tier,1000,1.99,72149
16231.0,17502.0,5.0,8051,Electronics,West,Mid-tier,1000,2.17,75330
15552.0,12212.0,20.0,13084,FMCG,South,Premium,1196,2.73,106070
15920.0,17328.0,20.0,7542,FMCG,South,Budget,1000,1.85,64905
19614.0,16041.0,15.0,10548,FMCG,North,Premium,1000,2.6,95256
21705.0,12844.0,20.0,8516,Home Appliances,,Budget,1000,0.84,36769
21383.0,10965.0,10.0,13923,Fashion,South,Budget,1000,1.26,52887
24135.0,7149.0,5.0,18305,Sports,West,Mid-tier,1285,1.89,73949
20065.0,16398.0,10.0,7444,Electronics,West,Premium,1610,3.03,101087
27267.0,8740.0,15.0,5514,Fashion,West,Budget,1000,1.59,60623
18676.0,15381.0,30.0,11562,FMCG,South,Mid-tier,1000,1.82,74718
33600.0,13946.0,0.0,12054,Electronics,East,Premium,1000,2.97,136011
23128.0,17716.0,15.0,12765,,West,Premium,1221,3.45,153188
15714.0,13791.0,10.0,10437,Fashion,South,Budget,1000,1.04,46579
14645.0,13682.0,15.0,11297,Fashion,East,Budget,1000,1.76,73081
22412.0,17927.0,0.0,13286,Home Appliances,North,Budget,1039,0.53,23700
18882.0,16340.0,10.0,15641,Fashion,South,Premium,1088,2.32,108445
23570.0,16264.0,25.0,5157,Fashion,East,Budget,1065,2.65,100585
22366.0,16877.0,15.0,10708,Sports,South,Premium,1000,2.64,108798
19635.0,8857.0,15.0,12748,,East,Mid-tier,1000,1.41,52973
15766.0,18027.0,10.0,8787,Electronics,East,Premium,1000,1.67,57234
12425.0,17449.0,10.0,18059,FMCG,South,Budget,1482,1.29,59653
17767.0,,10.0,9776,Sports,North,Premium,1000,2.1,71945
24281.0,14023.0,25.0,11855,Electronics,West,Budget,1741,0.95,41203
21070.0,14842.0,30.0,13946,Fashion,East,Mid-tier,1255,2.49,123545
13771.0,14462.0,10.0,9930,Electronics,West,Budget,1000,1.91,69922
20865.0,,10.0,5536,Electronics,North,Budget,1000,1.53,49800
21926.0,20725.0,25.0,10499,Electronics,West,Budget,1000,2.72,124776
15580.0,19327.0,10.0,15603,Electronics,,Budget,1580,1.5,65388
20768.0,,15.0,10820,Sports,South,Budget,1085,2.24,78703
20291.0,17488.0,5.0,9037,FMCG,South,Budget,1675,1.07,39523
14285.0,20315.0,20.0,15239,Electronics,North,Mid-tier,1517,2.36,107364
21788.0,16547.0,15.0,10842,Home Appliances,South,Mid-tier,1000,2.39,91021
22803.0,,25.0,10214,Fashion,East,Premium,1000,2.22,110905
25415.0,23049.0,20.0,12523,Fashion,North,Budget,1537,1.83,89765
,19094.0,5.0,14697,Fashion,South,Premium,1000,2.02,96286
13111.0,15997.0,,20335,Fashion,South,Mid-tier,1000,2.03,89774
15310.0,19180.0,25.0,14895,Fashion,North,Mid-tier,1239,2.09,94153
22575.0,15579.0,10.0,16059,Electronics,East,Budget,1000,1.09,53148
22568.0,15095.0,5.0,10229,FMCG,North,Budget,1000,1.85,69463
22575.0,13594.0,0.0,8409,Home Appliances,South,Premium,1000,2.76,91099
39263.0,21253.0,15.0,12218,Sports,South,Mid-tier,1000,1.95,108543
22854.0,11726.0,10.0,12375,Home Appliances,North,Premium,1000,2.67,96332
25677.0,21129.0,15.0,8225,Sports,East,Premium,1000,1.99,91349
24770.0,16999.0,5.0,11386,Sports,East,Premium,1000,1.69,65564
23256.0,9402.0,25.0,13397,Home Appliances,West,Budget,1000,1.62,65748
18423.0,16470.0,10.0,13261,Electronics,East,Mid-tier,1000,2.46,94145
23794.0,6599.0,5.0,13765,Fashion,North,Premium,1000,2.41,81268
,17502.0,15.0,13018,Electronics,East,Mid-tier,2028,1.91,70656
18815.0,18540.0,15.0,10225,Fashion,East,Mid-tier,1355,2.33,85180
17573.0,12630.0,5.0,10201,FMCG,West,Premium,1000,1.9,63729
20409.0,15494.0,10.0,7803,Sports,East,Premium,1094,1.75,64467
31573.0,22816.0,5.0,18246,Home Appliances,West,Budget,1914,1.5,86963
10663.0,12977.0,20.0,12047,FMCG,West,Mid-tier,1000,1.73,66817
23431.0,10764.0,20.0,11213,Fashion,East,Premium,1000,1.85,68438
11936.0,20926.0,15.0,8749,Electronics,,Premium,1000,3.16,102154
17640.0,22850.0,20.0,22274,Home Appliances,North,Mid-tier,1000,3.41,188396
25444.0,15014.0,,8243,Sports,North,Premium,1000,1.61,58596
20321.0,19045.0,5.0,10499,FMCG,East,Mid-tier,1000,1.84,71484
14611.0,20365.0,30.0,13455,Sports,North,Premium,1544,2.88,127328
16423.0,12030.0,,14100,Fashion,North,Mid-tier,1000,1.28,65857
23397.0,13058.0,5.0,15352,Sports,West,Premium,1000,2.32,92311
16348.0,19923.0,5.0,18326,Electronics,South,Premium,1000,2.37,104488
21082.0,21740.0,5.0,13771,FMCG,North,Budget,1000,1.84,86280
20227.0,17251.0,,8303,FMCG,South,Mid-tier,1000,1.65,62145
16741.0,11480.0,20.0,11100,Electronics,North,Budget,1000,1.51,54130
30719.0,22948.0,15.0,13077,Sports,South,Premium,1000,3.21,168331
23169.0,12876.0,20.0,19238,Electronics,South,Mid-tier,1160,2.43,111907
9874.0,13659.0,,7107,Home Appliances,North,Mid-tier,1000,2.6,74538
20932.0,16369.0,15.0,16209,Electronics,West,Premium,1361,1.45,60176
16691.0,21216.0,20.0,12629,Sports,South,Premium,1000,2.2,111654
24262.0,18415.0,0.0,14932,Electronics,South,Premium,1574,3.31,149970
16037.0,16659.0,10.0,11643,Fashion,,Premium,1097,2.47,84837
19426.0,16853.0,15.0,9051,Electronics,South,Mid-tier,1076,2.08,77358
22524.0,15174.0,0.0,14628,,South,Budget,1000,1.57,57860
24328.0,17232.0,0.0,14290,Sports,West,Mid-tier,1254,2.78,114753
13998.0,4881.0,25.0,15402,Home Appliances,South,Mid-tier,1000,1.83,64268
18327.0,13813.0,20.0,11953,Home Appliances,West,Mid-tier,1000,2.57,104316
17625.0,15965.0,10.0,9900,Sports,South,Mid-tier,1480,2.24,78922
16733.0,10395.0,20.0,6544,Sports,South,Premium,1972,1.74,43833
28827.0,16545.0,20.0,14867,Sports,West,Budget,1000,1.63,80870
22024.0,14182.0,10.0,13483,Fashion,West,Mid-tier,1000,1.66,65498
13695.0,22021.0,0.0,8619,FMCG,East,Mid-tier,1000,1.36,47419
24589.0,21292.0,30.0,10114,Electronics,South,Budget,1000,2.39,114456
30610.0,13136.0,10.0,10366,Sports,West,Premium,1000,1.75,62732
25162.0,14396.0,5.0,6809,Sports,South,Mid-tier,1326,2.43,79230
12403.0,14704.0,15.0,9138,Sports,South,Premium,1000,2.02,59336
17578.0,13193.0,20.0,8031,Home Appliances,South,Mid-tier,1734,2.95,100331
26334.0,15780.0,5.0,10556,Sports,North,Mid-tier,1000,1.83,72599
16461.0,11966.0,10.0,9414,Electronics,East,Budget,1000,1.82,47569
22219.0,10477.0,,6305,Sports,North,Budget,1000,1.41,37603
23873.0,17490.0,30.0,19079,Electronics,East,Premium,1166,1.26,80817
15365.0,17518.0,5.0,16383,Fashion,South,Mid-tier,1070,1.2,46862
19702.0,11782.0,15.0,9273,FMCG,South,Premium,1000,1.36,45482
5000.0,18581.0,30.0,12953,Home Appliances,West,Budget,1000,1.96,74453
14878.0,12473.0,5.0,13461,Electronics,East,Budget,1151,1.63,56329
18737.0,16012.0,30.0,16168,Fashion,East,Budget,1331,2.11,99296
13761.0,18281.0,30.0,9134,FMCG,North,Budget,1000,1.53,69023
28162.0,14865.0,25.0,15822,FMCG,East,Budget,1000,0.82,48498
12849.0,16818.0,5.0,10082,FMCG,South,Premium,1000,3.26,107758
17799.0,12934.0,15.0,7324,Electronics,,Premium,1000,3.22,99734
20653.0,14214.0,20.0,14534,Fashion,North,Budget,1621,1.92,77240
27206.0,14176.0,30.0,16517,Sports,West,Mid-tier,1790,2.94,153768
12820.0,12013.0,5.0,21057,Fashion,East,Mid-tier,1590,2.0,84921
25815.0,14292.0,20.0,7800,,East,Mid-tier,1191,2.35,88625
20051.0,8805.0,,14446,Fashion,North,Mid-tier,1429,1.73,62456
15092.0,,5.0,10565,,East,Mid-tier,1000,1.5,50688
22310.0,13860.0,10.0,14741,Electronics,West,Budget,1000,1.02,45814
20995.0,13975.0,,6853,Electronics,South,Premium,1392,2.14,76182
16998.0,14034.0,15.0,7580,Fashion,North,Budget,1000,2.86,93122
20349.0,14752.0,15.0,9284,Electronics,East,Mid-tier,1000,1.33,53646
18073.0,16917.0,30.0,12276,FMCG,West,Mid-tier,1573,1.76,81333
20567.0,18498.0,10.0,9756,Electronics,South,Premium,1000,2.59,101060
23310.0,12400.0,15.0,14306,Home Appliances,East,Budget,1000,2.75,115817
27930.0,10187.0,10.0,15594,Electronics,North,Premium,1523,1.86,81329
13810.0,10831.0,10.0,14098,Electronics,East,Mid-tier,1213,1.77,61132
30665.0,13051.0,20.0,17665,Electronics,East,Mid-tier,1000,2.57,136362
10239.0,,30.0,13455,Electronics,East,Premium,1000,3.18,114202
19241.0,11920.0,,7740,Home Appliances,South,Mid-tier,1000,1.78,60359
22941.0,9815.0,20.0,16771,Sports,South,Budget,1000,1.39,59034
21404.0,13175.0,0.0,9881,,East,Mid-tier,1000,2.22,69788
16886.0,15725.0,5.0,15186,FMCG,East,Mid-tier,1000,1.89,80000
18959.0,17380.0,15.0,17508,Home Appliances,North,Budget,1020,1.84,89237
17534.0,,0.0,13598,Sports,East,Mid-tier,1000,1.92,70351
17053.0,13348.0,10.0,6763,Electronics,West,Premium,1000,2.74,81851
24248.0,11293.0,15.0,8786,Sports,West,Premium,1155,2.87,102496
21785.0,14874.0,0.0,16629,FMCG,North,Mid-tier,1000,1.03,41957
16535.0,11606.0,10.0,11408,Home Appliances,South,Budget,1000,1.49,50345
24497.0,17292.0,15.0,12278,Home Appliances,East,Budget,1000,1.86,81467
21536.0,7856.0,15.0,14655,Sports,North,Premium,1060,3.1,119239
24064.0,13561.0,,14437,Electronics,South,Mid-tier,1000,2.11,95225
23148.0,16204.0,15.0,12975,Fashion,North,Budget,1000,0.93,45952
15855.0,15735.0,10.0,11269,Home Appliances,South,Budget,1000,2.2,77787
17199.0,25772.0,30.0,10905,,East,Premium,1000,3.35,159949
23736.0,16399.0,,15002,Home Appliances,North,Premium,1435,2.71,125927
23051.0,10983.0,5.0,13937,Electronics,East,Budget,1714,1.45,57796
19895.0,14618.0,5.0,11099,Electronics,North,Premium,1000,2.83,101799
20586.0,7895.0,20.0,15787,Home Appliances,South,Budget,1000,1.56,58783
26388.0,14677.0,15.0,11548,Sports,North,Mid-tier,1000,2.62,112788
17042.0,11667.0,20.0,9019,Electronics,West,Premium,1365,3.83,118842
22735.0,18661.0,,9343,Electronics,West,Premium,1000,2.32,94084
18989.0,12801.0,,8574,FMCG,North,Mid-tier,1246,2.57,78068
18911.0,14532.0,30.0,11046,Electronics,West,Budget,1018,1.54,63257
,12457.0,15.0,16318,FMCG,East,Budget,1127,2.16,101207
24127.0,,5.0,9182,Electronics,West,Premium,1000,2.31,106467
24067.0,13715.0,25.0,12659,Electronics,West,Budget,1884,2.45,106426
26527.0,,10.0,9701,Sports,East,Budget,1906,1.56,67995
20105.0,18256.0,,11088,,East,Mid-tier,2140,1.71,76505
23409.0,16928.0,30.0,6714,Electronics,South,Mid-tier,1000,2.11,92689
18448.0,16474.0,20.0,11228,Home Appliances,East,Mid-tier,1069,2.08,93303
21620.0,16575.0,15.0,11322,Home Appliances,North,Premium,1000,2.73,116436
19349.0,7289.0,15.0,13891,Electronics,West,Mid-tier,1011,1.97,70446
20484.0,,10.0,12781,Home Appliances,South,Mid-tier,1088,2.23,88516
22975.0,18380.0,10.0,7805,Electronics,East,Budget,1000,1.79,66374
15908.0,14804.0,15.0,15794,Sports,West,Mid-tier,1000,1.92,82886
,9379.0,20.0,12736,Fashion,North,Premium,2038,2.86,124702
14969.0,14790.0,20.0,12694,FMCG,North,Mid-tier,1000,1.88,60428
13929.0,21816.0,5.0,11967,Home Appliances,South,Premium,1000,3.69,142611
25790.0,19987.0,15.0,10187,,North,Budget,1000,1.85,91949
23958.0,14751.0,20.0,12762,Sports,West,Budget,1000,2.03,85667
23120.0,18805.0,15.0,13664,Home Appliances,East,Mid-tier,1000,2.05,83951
23141.0,13533.0,15.0,5885,Electronics,North,Budget,1179,1.41,50509
19938.0,8184.0,,10114,Electronics,East,Mid-tier,1183,2.66,91517
15513.0,11302.0,20.0,11107,Fashion,West,Budget,1000,1.91,68124
20379.0,21251.0,10.0,12896,Fashion,West,Premium,1000,0.87,41937
16614.0,,25.0,16176,Fashion,East,Budget,1000,2.67,107249
24875.0,14026.0,5.0,9298,Electronics,West,Mid-tier,1698,2.43,83075
19264.0,13800.0,30.0,10257,Fashion,,Mid-tier,1325,2.08,84284
15872.0,22616.0,5.0,10206,,North,Mid-tier,1359,2.36,91483
18393.0,,0.0,9194,Electronics,South,Premium,1000,2.65,103573
22064.0,23875.0,25.0,10784,Sports,South,Budget,1000,2.02,101937
17181.0,14363.0,5.0,14697,Home Appliances,South,Mid-tier,1558,1.6,57321
15888.0,16182.0,20.0,8311,,East,Premium,1784,2.69,94014
21218.0,8933.0,,13497,Electronics,East,Premium,1000,2.9,109870
21224.0,20907.0,25.0,6043,Electronics,West,Premium,2095,3.53,129564
17465.0,10328.0,30.0,10035,FMCG,East,Budget,1000,1.89,67213
17644.0,15867.0,,10846,FMCG,West,Budget,1000,1.86,68814
21160.0,10610.0,20.0,17862,Fashion,East,Budget,1000,1.36,62516
12759.0,12644.0,5.0,11038,FMCG,West,Premium,1000,2.5,76142
12962.0,,10.0,4295,Home Appliances,North,Budget,1000,2.04,49124
16407.0,12568.0,25.0,5003,Home Appliances,West,Mid-tier,1189,1.87,60651
18932.0,12843.0,10.0,12119,Home Appliances,North,Premium,1000,2.28,82640
21554.0,12806.0,15.0,14148,Home Appliances,West,Budget,1193,1.31,56114
27376.0,18333.0,15.0,13314,Home Appliances,East,Premium,1737,1.71,84044
24288.0,10580.0,15.0,12586,Fashion,East,Premium,1000,2.02,77824
19200.0,15882.0,30.0,16067,Electronics,North,Budget,1886,2.1,97484
19904.0,19871.0,0.0,10111,FMCG,South,Premium,1000,2.25,85972
,12947.0,15.0,15132,Electronics,South,Budget,1000,1.35,44051
19907.0,12128.0,25.0,6287,FMCG,West,Budget,1000,2.78,88321
18556.0,14077.0,15.0,8832,Fashion,East,Budget,1246,1.42,48259
21613.0,19718.0,0.0,5675,Fashion,South,Premium,1500,2.77,91354
15863.0,15776.0,15.0,11038,Sports,East,Premium,1000,2.79,98647
22596.0,12875.0,10.0,11838,Sports,East,Budget,1000,1.78,61988
27663.0,16935.0,5.0,12399,Fashion,East,Premium,1737,1.33,57704
19456.0,10590.0,25.0,12216,Fashion,West,Budget,1000,2.37,90407
22008.0,17725.0,15.0,8753,FMCG,North,Mid-tier,1000,2.32,96656
23450.0,16634.0,30.0,11334,Fashion,West,Premium,1000,3.39,157388
17993.0,13768.0,25.0,6758,Electronics,South,Premium,1000,3.47,102456
21120.0,11645.0,20.0,16771,FMCG,North,Mid-tier,1000,3.14,127134
20062.0,11453.0,0.0,10937,Fashion,South,Mid-tier,1187,1.5,46679
20488.0,17139.0,10.0,10288,FMCG,North,Mid-tier,1000,1.72,68211
16134.0,19915.0,5.0,17561,FMCG,North,Budget,1391,1.4,64826
20122.0,12450.0,30.0,7652,Home Appliances,West,Budget,1000,1.44,54742
22489.0,16833.0,5.0,8060,Sports,East,Mid-tier,1554,2.73,85377
27255.0,6651.0,10.0,8163,FMCG,East,Budget,1000,1.26,47729
24796.0,,15.0,11762,FMCG,North,Premium,1004,2.34,95884
30765.0,14875.0,,13510,Home Appliances,,Mid-tier,1000,1.24,63118
16163.0,11361.0,5.0,14588,Fashion,South,Premium,1000,2.91,98557
24361.0,11253.0,15.0,21001,FMCG,South,Budget,1000,1.67,83556
20916.0,12328.0,0.0,4126,Home Appliances,East,Mid-tier,1000,2.44,54803
30949.0,16168.0,0.0,14130,Electronics,East,Budget,1000,1.88,80460
15958.0,14250.0,10.0,10050,Home Appliances,South,Premium,1000,1.49,57072
15801.0,6047.0,20.0,9947,Sports,,Budget,1000,1.84,54837
17003.0,6517.0,15.0,9830,Sports,West,Premium,1000,1.88,64220
9380.0,12572.0,10.0,8819,Fashion,South,Budget,1000,1.74,42748
17371.0,16830.0,15.0,17895,Fashion,West,Premium,1279,2.2,112266
16204.0,4009.0,10.0,14948,Sports,East,Budget,1000,2.45,86782
20751.0,13001.0,30.0,12081,Sports,South,Mid-tier,1869,3.83,145621
21708.0,12895.0,0.0,16728,FMCG,East,Mid-tier,1000,1.88,72963
29380.0,20553.0,20.0,6706,Sports,North,Budget,1109,1.8,89803
24752.0,13459.0,25.0,7342,Fashion,North,Premium,1754,1.16,47841
17115.0,16531.0,25.0,4377,Sports,North,Budget,1000,1.06,40718
15507.0,,5.0,9552,Fashion,South,Mid-tier,1000,2.25,69213
22459.0,6477.0,10.0,12565,Electronics,East,Premium,1059,2.5,79516
13398.0,18072.0,20.0,12360,Sports,South,Budget,1441,1.95,78400
29157.0,15861.0,0.0,12522,Fashion,East,Budget,1000,1.28,53329
25897.0,17033.0,25.0,7061,Home Appliances,West,Premium,1000,2.9,107264
17654.0,30000.0,20.0,14811,FMCG,South,Budget,1000,0.65,49170
11434.0,6663.0,20.0,12838,Fashion,North,Mid-tier,1000,1.86,64676
26769.0,21898.0,5.0,14565,Sports,West,Mid-tier,1257,2.29,115274
19427.0,13850.0,20.0,5375,Sports,East,Premium,1415,3.76,116322
26189.0,16149.0,20.0,13090,,South,Budget,1000,1.71,76605
12027.0,14817.0,25.0,7842,Home Appliances,East,Budget,1000,2.07,65779
17003.0,13303.0,0.0,10609,Fashion,East,Mid-tier,1135,1.67,57826
20026.0,12720.0,0.0,13870,Home Appliances,,Premium,1000,2.67,99137
20234.0,16318.0,10.0,12318,Electronics,South,Premium,1000,2.21,90139
,8931.0,5.0,9019,FMCG,East,Premium,1000,3.66,103187
23114.0,,15.0,12021,Home Appliances,East,Mid-tier,1000,1.97,92318
14661.0,13335.0,30.0,6639,,West,Mid-tier,1000,2.2,77054
19288.0,10479.0,10.0,16025,Fashion,,Premium,1097,3.01,116672
20601.0,13199.0,25.0,11281,FMCG,East,Premium,1278,3.04,114704
22572.0,20028.0,0.0,15914,Sports,North,Budget,1000,1.45,74543
23558.0,12858.0,5.0,10157,Electronics,West,Budget,1325,1.81,62595
14376.0,16433.0,0.0,10167,,North,Premium,1270,1.77,52099
12329.0,12076.0,10.0,9325,FMCG,North,Mid-tier,1000,2.22,60722
26388.0,18031.0,30.0,15066,Electronics,West,Mid-tier,1484,2.62,127606
21661.0,17742.0,,9516,Electronics,East,Budget,1469,1.43,55443
16257.0,,15.0,14256,FMCG,North,Premium,1373,2.34,105598
27755.0,14297.0,15.0,10661,Fashion,East,Mid-tier,1000,1.81,83349
20578.0,17674.0,30.0,5084,Electronics,East,Mid-tier,1000,1.47,49315
25896.0,15392.0,5.0,10003,FMCG,South,Mid-tier,1536,2.26,89213
,20183.0,5.0,7873,Home Appliances,,Mid-tier,1000,1.81,66650
30303.0,,0.0,12118,Sports,,Budget,1000,1.82,71176
28776.0,,10.0,7833,Electronics,North,Mid-tier,2009,2.0,78930
18755.0,14221.0,10.0,15240,Home Appliances,East,Mid-tier,1000,2.42,96970
24857.0,14743.0,25.0,11681,Electronics,East,Premium,1000,1.54,67925
23226.0,15367.0,15.0,11378,Fashion,South,Premium,1000,1.84,84327
26843.0,16008.0,15.0,14295,FMCG,,Budget,1021,1.36,69311
15175.0,14535.0,15.0,15373,Electronics,North,Budget,1601,2.23,93096
23430.0,15858.0,0.0,11929,FMCG,North,Budget,1000,1.76,59414
25292.0,21312.0,10.0,9300,Electronics,South,Budget,1480,1.57,74596
11206.0,18941.0,30.0,5791,Fashion,South,Mid-tier,1000,2.03,74995
14083.0,18476.0,25.0,9598,Fashion,West,Premium,1363,3.1,112320
9803.0,,25.0,9839,Home Appliances,East,Mid-tier,1000,1.92,61958
18652.0,11443.0,25.0,12374,Fashion,North,Mid-tier,1000,2.66,94747
23587.0,18821.0,5.0,10791,FMCG,North,Mid-tier,1081,1.94,78571
27511.0,18504.0,5.0,14407,Fashion,East,Premium,1000,3.26,154145
20370.0,20890.0,0.0,9854,Electronics,East,Budget,1776,1.22,44059
28143.0,12584.0,,11800,Fashion,North,Budget,1000,1.63,68203
13099.0,14081.0,5.0,16143,,South,Premium,1012,1.89,82057
11483.0,8442.0,15.0,13196,Electronics,South,Premium,1000,3.63,100039
19722.0,13430.0,20.0,11789,Home Appliances,East,Budget,1000,1.77,72462
21920.0,18986.0,25.0,9893,Home Appliances,North,Mid-tier,1052,1.68,71693
19836.0,13134.0,20.0,9783,Home Appliances,East,Budget,1355,1.36,46453
9662.0,17561.0,30.0,9022,Electronics,South,Premium,1000,3.11,108917
19554.0,14237.0,,10106,Home Appliances,West,Budget,1000,0.87,26961
13477.0,16296.0,0.0,14644,Fashion,West,Budget,1331,1.53,62676
23348.0,10409.0,20.0,11223,Electronics,South,Budget,1000,1.38,59317
21832.0,15340.0,10.0,7275,Electronics,East,Premium,1471,2.42,80060
15300.0,,10.0,18188,Electronics,West,Premium,1000,2.58,77605
17430.0,14252.0,10.0,13119,Sports,South,Budget,1381,1.64,65923
14703.0,8478.0,,7075,FMCG,North,Budget,1000,1.57,35303
19686.0,19823.0,15.0,10453,Sports,East,Mid-tier,1000,2.24,87456
,18109.0,10.0,12388,Sports,East,Mid-tier,1109,3.02,122408
15071.0,16866.0,15.0,17966,,West,Budget,1698,2.27,102466
22520.0,21084.0,20.0,8121,FMCG,East,Premium,1000,2.42,99012
17348.0,11204.0,,15416,Sports,West,Mid-tier,1000,2.48,93096
16035.0,21989.0,10.0,16898,Home Appliances,West,Budget,1000,1.96,85119
19464.0,18728.0,5.0,9799,Electronics,South,Mid-tier,1574,1.86,61971
14823.0,14053.0,10.0,11028,Electronics,West,Mid-tier,1000,2.08,73527
17231.0,19542.0,20.0,8372,Fashion,North,Mid-tier,1824,2.5,94922
14010.0,10574.0,20.0,11287,Home Appliances,East,Premium,1303,2.16,67364
29823.0,11701.0,20.0,11871,FMCG,West,Budget,1685,1.65,72290
20176.0,12565.0,5.0,14308,Electronics,East,Premium,1000,2.34,85361
16501.0,,15.0,15815,Sports,West,Premium,1000,2.41,104346
,10773.0,15.0,9381,Fashion,South,Mid-tier,1041,1.98,69618
19438.0,,15.0,5114,Fashion,North,Budget,1676,1.91,70639
18895.0,,15.0,11925,Electronics,,Mid-tier,1786,2.16,78256
23070.0,16410.0,15.0,13027,Home Appliances,,Premium,1000,2.99,131122
23787.0,12718.0,15.0,12872,Fashion,East,Premium,2321,4.21,158688
17347.0,7717.0,20.0,10856,Electronics,South,Budget,1000,1.52,54426
17120.0,16080.0,5.0,12436,Home Appliances,North,Premium,1323,2.59,97393
18624.0,7350.0,20.0,17304,Electronics,West,Premium,1000,2.98,117330
8490.0,14725.0,5.0,13336,Electronics,South,Budget,1000,2.09,55728
12424.0,9526.0,0.0,10693,Home Appliances,East,Mid-tier,1000,2.22,62772
26834.0,22949.0,30.0,10249,,East,Budget,2057,1.34,76558
28224.0,18645.0,30.0,11405,Home Appliances,South,Premium,1000,2.3,110845
18754.0,15423.0,0.0,17728,Electronics,North,Budget,1014,1.66,57736
22882.0,20054.0,10.0,11358,Fashion,North,Mid-tier,1000,1.74,74427
21556.0,11614.0,5.0,11930,FMCG,West,Premium,1000,1.55,56444
35394.0,17173.0,15.0,10311,,West,Mid-tier,1105,1.72,77638
25597.0,15799.0,25.0,15846,Electronics,East,Mid-tier,1181,1.8,87141
19360.0,16056.0,30.0,18859,,East,Budget,1734,1.38,68278
15222.0,,15.0,13577,Fashion,West,Mid-tier,1000,3.51,141378
11967.0,17929.0,10.0,12289,,West,Budget,1000,1.81,60844
21017.0,16154.0,15.0,12128,Electronics,West,Budget,1265,1.77,85003
16218.0,8380.0,10.0,3654,Sports,South,Mid-tier,1000,2.58,61206
12888.0,11159.0,30.0,14608,Home Appliances,West,Budget,1000,2.67,92873
16767.0,14509.0,25.0,12469,Electronics,South,Budget,1000,1.97,75087
14592.0,15373.0,15.0,13499,Sports,South,Mid-tier,1288,2.7,93283
28435.0,,10.0,9509,Fashion,West,Premium,1622,2.2,81278
24408.0,24646.0,10.0,10654,Sports,North,Budget,1877,1.3,72368
19960.0,21065.0,0.0,10561,Electronics,North,Budget,1000,1.96,83335
27399.0,17408.0,25.0,15575,FMCG,East,Mid-tier,1000,2.75,139860
20386.0,15288.0,15.0,10674,Electronics,West,Budget,1044,2.06,78494
15693.0,14151.0,10.0,19289,FMCG,East,Mid-tier,1065,2.17,94451
27615.0,11192.0,,13508,Fashion,West,Premium,1000,2.08,89974
22694.0,15309.0,25.0,7535,Fashion,East,Premium,1000,2.38,94010
14813.0,16031.0,5.0,11550,Home Appliances,South,Mid-tier,1000,2.64,91367
19048.0,10032.0,25.0,9719,Home Appliances,West,Premium,1000,2.3,81859
15621.0,16336.0,25.0,4319,FMCG,North,Mid-tier,1000,2.35,68415
13086.0,14378.0,,17598,FMCG,West,Budget,1024,1.49,69287
24630.0,7368.0,10.0,14460,Fashion,East,Premium,2077,2.4,90474
29547.0,11558.0,5.0,13866,Sports,East,Budget,1000,1.2,49210
13007.0,13345.0,10.0,12578,FMCG,East,Budget,1000,1.65,49968
22814.0,22550.0,10.0,7162,FMCG,East,Mid-tier,1000,1.85,76949
16746.0,17226.0,5.0,10307,Sports,East,Premium,1073,1.41,71387
17564.0,,15.0,14946,,East,Premium,1843,3.0,103096
17038.0,16944.0,15.0,8320,Home Appliances,,Budget,1000,1.98,70408
15680.0,8810.0,25.0,3138,FMCG,East,Budget,1000,1.83,54573
20242.0,19330.0,0.0,11205,Home Appliances,North,Mid-tier,1888,1.44,64678
15845.0,13115.0,15.0,11503,Home Appliances,West,Premium,2079,1.86,63300
21352.0,14625.0,20.0,12474,Home Appliances,South,Mid-tier,1345,3.48,143602
19748.0,,20.0,14549,Fashion,North,Mid-tier,1338,0.76,46272
18805.0,9851.0,25.0,14231,Electronics,West,Mid-tier,1000,1.64,64621
15462.0,9411.0,20.0,12905,FMCG,South,Premium,1097,4.06,133718
17116.0,12665.0,30.0,16184,FMCG,North,Mid-tier,1251,3.72,150090
23776.0,19153.0,10.0,6683,Fashion,North,Premium,1128,3.59,132101
22504.0,8922.0,15.0,13766,Electronics,West,Mid-tier,1000,2.44,99905
15112.0,3671.0,0.0,14192,Electronics,East,Budget,1000,1.35,38493
20496.0,13195.0,0.0,7661,Fashion,North,Mid-tier,1000,1.16,26949
23756.0,17206.0,,6739,Sports,North,Mid-tier,1000,2.26,80354
11652.0,19801.0,5.0,9389,,,Premium,1005,1.99,64047
22716.0,13147.0,10.0,9684,Electronics,East,Budget,1000,2.29,81412
16686.0,,5.0,14636,Sports,South,Budget,1000,0.88,36174
22852.0,19615.0,0.0,9849,Sports,East,Premium,1281,2.52,100395
16183.0,7521.0,30.0,9002,Sports,East,Premium,1000,3.4,106272
10975.0,13445.0,0.0,9859,Electronics,West,Budget,1000,2.01,60649
11862.0,15761.0,20.0,15915,,East,Premium,1143,3.19,117635
20240.0,16796.0,5.0,12045,FMCG,West,Budget,1333,1.78,68969
21298.0,12960.0,30.0,11372,Electronics,South,Mid-tier,1388,2.37,87198
15478.0,15137.0,25.0,11614,Fashion,North,Mid-tier,1018,2.76,98654
,5046.0,20.0,16522,Sports,North,Budget,1158,1.91,65365
11692.0,12367.0,20.0,9377,Home Appliances,West,Budget,1000,1.92,52737
19669.0,16814.0,0.0,16604,Electronics,West,Mid-tier,2372,2.02,91434
13944.0,11070.0,,12736,Fashion,East,Mid-tier,1000,2.08,81038
16740.0,15235.0,25.0,11438,FMCG,East,Budget,1445,1.19,55739
20236.0,16787.0,25.0,20753,Fashion,North,Premium,1000,1.91,106637
15697.0,13629.0,,8305,Sports,North,Premium,1000,2.39,81400
18077.0,15681.0,10.0,10762,Home Appliances,North,Budget,1071,1.63,60226
25031.0,11149.0,,7686,Sports,West,Premium,1101,2.05,74282
17115.0,14173.0,10.0,15333,Fashion,South,Mid-tier,1000,1.55,70839
24178.0,17440.0,15.0,17912,Electronics,South,Mid-tier,1394,1.95,104643
14351.0,15627.0,0.0,17844,Home Appliances,West,Premium,1000,2.94,113487
22649.0,12653.0,30.0,16283,Home Appliances,East,Budget,1434,0.86,53405
27207.0,15896.0,,11308,Fashion,South,Mid-tier,1000,1.57,51859
7641.0,17858.0,5.0,10721,Sports,East,Mid-tier,1000,2.13,69688
16015.0,6800.0,15.0,6150,Fashion,North,Mid-tier,1000,2.84,65239
22885.0,19636.0,20.0,19125,Home Appliances,North,Premium,2185,4.07,221038
18984.0,13654.0,15.0,13641,Fashion,East,Budget,1490,1.57,69807
21855.0,16701.0,5.0,10278,Home Appliances,North,Premium,1662,2.24,74985
16980.0,19788.0,0.0,16648,Sports,West,Budget,1000,1.54,62361
20432.0,9513.0,20.0,8595,Electronics,East,Budget,1000,1.86,63247
19221.0,12162.0,30.0,13423,Electronics,East,Premium,1000,2.73,109446
25838.0,13845.0,25.0,11395,Fashion,East,Mid-tier,1568,2.32,99997
21272.0,11864.0,15.0,14235,Home Appliances,South,Budget,1126,1.15,54218
21688.0,21939.0,30.0,11777,Electronics,East,Premium,1000,1.61,80603
17940.0,11572.0,10.0,6921,Home Appliances,East,Mid-tier,1000,2.48,71340
17561.0,12777.0,15.0,12264,Sports,East,Budget,1453,1.64,69193
17837.0,,15.0,15671,Fashion,South,Budget,1213,2.08,96326
21972.0,,10.0,11897,Home Appliances,North,Mid-tier,1000,2.22,83584
17895.0,13417.0,20.0,14712,Fashion,South,Budget,1000,1.13,49119
21448.0,16269.0,15.0,8340,Home Appliances,West,Premium,1364,3.58,126554
30377.0,13668.0,10.0,11908,Home Appliances,East,Budget,1000,1.69,74330
24355.0,14626.0,10.0,9814,Sports,West,Budget,1000,1.37,54499
18369.0,12882.0,0.0,14614,Fashion,South,Mid-tier,1000,1.73,62108
26006.0,8942.0,,12110,,North,Premium,1000,1.8,72997
17959.0,16286.0,5.0,14415,Home Appliances,North,Mid-tier,1000,2.22,89171
9809.0,,5.0,15806,Home Appliances,East,Premium,2176,2.39,98105
14959.0,15073.0,20.0,14420,Electronics,North,Mid-tier,1000,3.31,125031
10646.0,15901.0,20.0,12955,Fashion,South,Budget,1000,1.99,67774
18242.0,17770.0,,8506,FMCG,South,Premium,1000,3.93,145867
20092.0,9922.0,15.0,11990,Sports,North,Premium,1000,1.96,70491
28382.0,21810.0,25.0,10134,FMCG,East,Budget,1000,1.65,88203
,15809.0,30.0,10795,Sports,East,Mid-tier,1000,2.81,119601
18904.0,21527.0,25.0,10689,FMCG,South,Premium,1267,3.1,123955
24147.0,12067.0,15.0,8570,FMCG,,Budget,1000,1.71,72153
8944.0,22272.0,10.0,5149,Fashion,South,Budget,1000,1.23,36964
21178.0,18100.0,30.0,9661,Electronics,South,Premium,1000,1.26,68188
23854.0,17212.0,10.0,12676,FMCG,West,Premium,1000,2.38,104188
12607.0,15936.0,5.0,7281,Home Appliances,South,Premium,1235,2.35,61981
25718.0,14005.0,10.0,12054,Home Appliances,East,Budget,1000,1.73,68543
21692.0,19802.0,0.0,18650,Home Appliances,North,Mid-tier,1020,1.28,57231
17923.0,15561.0,30.0,15580,,North,Mid-tier,1000,1.79,81436
23163.0,7131.0,15.0,17752,FMCG,West,Premium,1040,2.83,104473
31353.0,10531.0,15.0,13368,Sports,West,Budget,1064,1.97,83565
20909.0,14256.0,20.0,16086,,East,Budget,1000,1.85,88842
21241.0,,15.0,9466,Fashion,West,Premium,1000,2.36,95803
17703.0,14773.0,0.0,9744,Electronics,,Budget,1000,1.13,32833
15750.0,19875.0,15.0,2413,FMCG,South,Budget,1000,2.13,57278
24151.0,7195.0,20.0,16151,,East,Budget,1000,2.08,88859
15719.0,15574.0,10.0,17391,Electronics,North,Premium,1568,2.16,84389
20357.0,7728.0,20.0,10063,Electronics,East,Premium,1114,3.19,95785
17611.0,18038.0,,11111,FMCG,West,Premium,1512,2.42,88380
22394.0,14622.0,5.0,9361,Fashion,North,Mid-tier,1591,1.7,59271
21668.0,16678.0,5.0,13339,,North,Mid-tier,1133,2.52,98748
25187.0,11544.0,10.0,15937,Fashion,North,Premium,1457,2.58,105564
17449.0,20117.0,25.0,5900,,West,Budget,1059,1.61,62172
18650.0,19166.0,25.0,13433,Home Appliances,,Budget,1717,1.22,57795
15106.0,17334.0,,11031,FMCG,South,Premium,1000,1.77,61874
17778.0,14481.0,15.0,12396,Fashion,West,Budget,1000,2.08,78188
21886.0,17319.0,20.0,13606,FMCG,West,Budget,1270,1.96,91301
23784.0,12172.0,5.0,11341,Fashion,East,Mid-tier,1207,1.45,55022
15389.0,18422.0,5.0,11637,Electronics,East,Budget,1000,1.15,40834
24348.0,21597.0,30.0,11251,Sports,South,Budget,1000,2.81,134513
26778.0,,15.0,15396,Sports,West,Premium,1141,2.88,149247
22067.0,12081.0,,13465,Fashion,East,Mid-tier,1347,3.0,128882
29383.0,16445.0,10.0,12772,FMCG,West,Mid-tier,1000,2.88,133340
16131.0,9827.0,20.0,7551,Home Appliances,West,Budget,1000,1.35,35058
13776.0,17289.0,,10674,Fashion,,Premium,1828,3.53,118781
11106.0,16802.0,10.0,15145,Fashion,South,Mid-tier,1000,1.53,55702
27480.0,7520.0,15.0,12131,Home Appliances,West,Mid-tier,1000,2.54,90761
23271.0,,10.0,14308,Fashion,North,Budget,1032,1.63,62831
19722.0,13867.0,5.0,18182,Electronics,North,Mid-tier,1167,2.42,107254
21399.0,13796.0,10.0,15635,Home Appliances,West,Premium,1084,2.39,103767
14372.0,10162.0,0.0,12326,Electronics,South,Premium,1000,2.73,76271
32228.0,16555.0,20.0,10211,,North,Mid-tier,1000,2.95,136623
20646.0,16005.0,15.0,3062,Home Appliances,South,Premium,1000,3.3,98695
20546.0,14222.0,0.0,11410,Home Appliances,North,Premium,1000,2.36,81776
23628.0,,5.0,10858,FMCG,West,Budget,1000,1.25,50726
22405.0,19194.0,5.0,13366,FMCG,East,Mid-tier,1415,1.9,82192
21119.0,21621.0,15.0,11461,Home Appliances,East,Mid-tier,1039,2.39,97680
16047.0,13065.0,0.0,10878,Sports,South,Budget,1000,1.86,58303
22357.0,12551.0,20.0,5772,Fashion,,Budget,1000,2.23,84282
29410.0,16964.0,0.0,8710,FMCG,North,Budget,1969,1.31,48709
26727.0,13567.0,5.0,13668,Sports,West,Budget,1778,1.26,61255
27965.0,14442.0,25.0,18005,Sports,North,Premium,1000,2.01,108805
17443.0,17958.0,20.0,11658,FMCG,West,Premium,1000,2.51,107473
15051.0,7362.0,0.0,13147,Fashion,,Budget,1000,1.69,51692
19371.0,20273.0,25.0,15333,FMCG,South,Mid-tier,1753,2.46,119517
20278.0,15290.0,15.0,9161,Sports,East,Mid-tier,1000,1.39,51076
25470.0,13354.0,25.0,13283,Electronics,East,Mid-tier,1000,1.71,80641
11537.0,14643.0,15.0,9408,FMCG,South,Budget,1000,1.42,48431
27647.0,14849.0,20.0,15026,Sports,East,Premium,1277,3.8,180140
19209.0,8075.0,30.0,12529,FMCG,South,Premium,1000,2.5,79944
17865.0,20979.0,5.0,13044,Sports,North,Premium,1000,1.55,58272
14939.0,15165.0,15.0,9260,Fashion,West,Premium,1000,2.83,94471
,16772.0,15.0,14474,Sports,East,Mid-tier,1000,2.09,82218
24115.0,18806.0,0.0,19296,Home Appliances,East,Mid-tier,1000,1.41,64611
20366.0,10915.0,0.0,8472,Electronics,North,Premium,1000,2.12,64043
13550.0,16893.0,5.0,10810,Sports,North,Budget,1000,1.5,54576
13524.0,13929.0,15.0,12810,FMCG,East,Premium,1000,2.5,86717
18321.0,18387.0,15.0,14752,FMCG,East,Premium,1255,3.18,143287
28345.0,6491.0,15.0,10041,Sports,South,Budget,1317,1.96,78808
18702.0,,0.0,2084,Home Appliances,South,Premium,1000,2.48,62455
12484.0,12588.0,15.0,16757,Sports,East,Mid-tier,1000,2.68,103679
18771.0,16729.0,30.0,14661,,South,Budget,1000,1.65,71434
18636.0,16880.0,10.0,5899,Home Appliances,North,Budget,1000,1.38,52435
6515.0,12169.0,15.0,9873,Sports,West,Premium,1000,2.78,80190
19728.0,12151.0,20.0,17488,Electronics,South,Mid-tier,1715,2.33,95798
18845.0,14557.0,20.0,17067,Home Appliances,West,Mid-tier,1088,1.39,68641
23481.0,,15.0,15285,Sports,South,Mid-tier,1000,2.95,111821
29244.0,18367.0,25.0,11383,Electronics,East,Premium,1444,2.01,96354
25632.0,13523.0,10.0,12290,Sports,South,Premium,1864,2.85,112228
18655.0,3372.0,25.0,11541,Fashion,West,Mid-tier,1000,2.56,70257
14467.0,13500.0,5.0,15948,FMCG,West,Premium,1501,0.56,21212
32866.0,10845.0,10.0,8934,Sports,,Mid-tier,1321,2.22,86329
20296.0,8474.0,0.0,9179,Home Appliances,West,Premium,1225,3.38,98256
20069.0,10050.0,20.0,15535,Sports,East,Budget,1375,1.45,53989
19879.0,15437.0,10.0,11844,Sports,East,Budget,1426,0.88,40009
20990.0,20314.0,5.0,16824,Sports,,Premium,1351,2.39,107612
19278.0,16252.0,5.0,9649,,North,Premium,1000,2.75,90093
17131.0,12573.0,30.0,11808,Home Appliances,,Mid-tier,1000,2.25,86342
17265.0,16823.0,,8771,Home Appliances,West,Budget,1000,1.37,60988
,13163.0,,12025,Sports,South,Mid-tier,1000,1.6,60082
17282.0,,,6825,FMCG,West,Premium,1000,1.53,51436
16435.0,10382.0,15.0,10293,Sports,South,Mid-tier,1446,1.14,41402
20532.0,7992.0,10.0,6973,Home Appliances,South,Mid-tier,1000,1.92,69988
18725.0,13440.0,30.0,14428,Fashion,West,Premium,1303,3.05,124600
,,5.0,14508,Sports,East,Budget,1399,1.71,75890
6745.0,14613.0,10.0,5944,Sports,North,Mid-tier,1000,2.23,58927
,,10.0,16668,Sports,West,Premium,1685,2.92,129085
26230.0,,,20740,Sports,West,Mid-tier,1124,2.85,138439
9633.0,17432.0,15.0,12161,Electronics,East,Premium,1600,2.6,81554
18286.0,9731.0,15.0,9756,Sports,South,Premium,1000,2.8,86794
18142.0,18104.0,5.0,21885,Home Appliances,East,Premium,1377,2.68,125431
12962.0,10991.0,15.0,7383,,East,Budget,1000,1.78,47820
16110.0,11990.0,5.0,12070,Electronics,South,Budget,1000,1.65,55409
14447.0,9132.0,,12628,Sports,West,Premium,1000,2.52,74354
28761.0,12994.0,0.0,16708,FMCG,East,Budget,1427,2.22,102545
24678.0,18901.0,20.0,13259,Sports,East,Mid-tier,1813,2.99,143806
26357.0,17062.0,10.0,10254,Home Appliances,West,Budget,1178,0.96,42364
23608.0,18913.0,15.0,8670,Fashion,West,Budget,1279,1.81,77869
14354.0,17088.0,20.0,10803,Fashion,North,Mid-tier,1000,2.2,72751
17377.0,10585.0,20.0,8475,FMCG,,Mid-tier,1000,2.89,90758
22446.0,13676.0,15.0,12167,Sports,North,Mid-tier,1000,2.13,90702
13889.0,11879.0,10.0,10025,Electronics,South,Premium,1000,2.68,75078
23564.0,20322.0,10.0,6770,,West,Mid-tier,1680,1.76,74147
,10212.0,,16393,FMCG,,Mid-tier,1000,2.59,97972
18125.0,18574.0,15.0,10258,FMCG,North,Mid-tier,1014,1.48,57937
23554.0,18571.0,,7561,FMCG,East,Premium,1265,2.49,110777
22221.0,22318.0,25.0,11411,Fashion,South,Budget,1541,1.33,68804
18195.0,13361.0,5.0,12239,Sports,East,Premium,1000,2.27,83830
25796.0,17849.0,5.0,5887,Sports,East,Budget,1117,1.41,43171
14594.0,24126.0,15.0,13160,Electronics,North,Mid-tier,1067,2.6,111613
23079.0,12529.0,10.0,8334,,East,Premium,1000,2.38,85276
22965.0,8859.0,0.0,17988,FMCG,North,Premium,1000,3.3,128655
18452.0,7479.0,25.0,13833,Home Appliances,West,Budget,1000,1.69,63832
21630.0,17850.0,5.0,10600,Home Appliances,West,Premium,1000,1.79,73443
13744.0,7467.0,30.0,9391,Fashion,West,Premium,1000,2.59,72059
24620.0,13510.0,20.0,11632,Sports,South,Budget,1365,1.97,89388
19075.0,16749.0,20.0,14144,Electronics,South,Premium,1098,3.75,155269
17386.0,15740.0,,11910,Electronics,East,Premium,1093,2.06,70507
25245.0,16701.0,5.0,11239,FMCG,North,Mid-tier,1000,2.9,114023
16478.0,15889.0,15.0,12204,Electronics,East,Mid-tier,1137,2.05,78365
12957.0,20115.0,5.0,9886,FMCG,West,Mid-tier,1000,1.82,61860
12216.0,11190.0,10.0,10798,Sports,East,Mid-tier,1000,2.51,75530
23030.0,12292.0,10.0,4699,Electronics,East,Mid-tier,1000,2.85,85491
13597.0,,5.0,15408,FMCG,East,Premium,1308,2.8,93471
,18320.0,5.0,13045,,West,Premium,2101,1.59,75756
9590.0,18601.0,20.0,9292,Sports,North,Mid-tier,1000,2.38,78676
28482.0,16804.0,5.0,18645,FMCG,East,Budget,1190,2.53,129458
21055.0,,0.0,12304,FMCG,West,Mid-tier,1596,0.86,36701
19516.0,10287.0,15.0,8373,,South,Premium,1029,2.82,88794
17275.0,21668.0,30.0,14998,Sports,North,Budget,1090,1.71,86187
21995.0,21092.0,10.0,13393,FMCG,West,Mid-tier,1336,1.61,71773
19811.0,17942.0,5.0,13381,Sports,East,Budget,2056,2.06,88311
25516.0,22127.0,,10509,Electronics,West,Mid-tier,1000,1.22,63489
20571.0,8373.0,,13576,,North,Premium,1000,2.52,92104
20751.0,12902.0,20.0,11083,Home Appliances,East,Mid-tier,1282,2.75,100962
18181.0,12058.0,15.0,13945,FMCG,South,Budget,1943,2.1,86698
19715.0,,10.0,5332,FMCG,South,Premium,1000,2.9,101051
21539.0,10799.0,15.0,10481,Sports,South,Mid-tier,1000,2.24,73521
11449.0,18029.0,0.0,18027,FMCG,West,Mid-tier,1207,1.94,76263
13259.0,20482.0,20.0,9315,Sports,North,Mid-tier,1000,1.94,77435
23716.0,17780.0,20.0,9886,FMCG,South,Mid-tier,1261,1.67,78835
20854.0,16135.0,30.0,10432,,East,Premium,1000,3.32,134707
19080.0,11048.0,10.0,7748,FMCG,East,Premium,1000,2.65,81793
20092.0,11612.0,0.0,4271,Fashion,East,Mid-tier,1000,2.42,66685
21737.0,19998.0,15.0,11192,Sports,,Premium,1900,2.08,96358
17301.0,18117.0,20.0,12475,Fashion,North,Budget,1000,1.41,61634
16108.0,14843.0,20.0,11816,Fashion,North,Premium,1000,2.97,109222
20979.0,13328.0,5.0,11492,,South,Budget,1000,0.71,23246
15108.0,6896.0,10.0,12150,,North,Budget,1000,0.62,20152
22041.0,10716.0,15.0,15579,Electronics,East,Premium,1063,3.23,126323
11487.0,22645.0,10.0,11333,Home Appliances,East,Mid-tier,1000,1.73,66882
25145.0,9878.0,25.0,9990,Electronics,West,Premium,1503,2.83,105374
22362.0,15757.0,15.0,11016,FMCG,East,Budget,1000,1.88,81322
21280.0,19029.0,20.0,14027,FMCG,North,Budget,1894,2.22,104839
24913.0,9980.0,15.0,16942,,East,Premium,1698,2.3,92660
28327.0,15738.0,20.0,9801,Home Appliances,South,Budget,1199,1.59,75398
25071.0,18751.0,10.0,12346,Home Appliances,West,Premium,1570,2.13,92645
10795.0,15049.0,25.0,13184,Fashion,West,Premium,1000,3.12,105938
13602.0,26473.0,10.0,8525,Electronics,North,Mid-tier,1000,2.45,92037
16875.0,8325.0,15.0,12071,FMCG,East,Budget,1000,2.27,73845
20130.0,19234.0,5.0,6870,Electronics,East,Premium,1000,1.69,65949
22588.0,14308.0,15.0,5808,Electronics,North,Budget,1000,2.68,89028
,18087.0,10.0,13283,Electronics,North,Premium,1000,2.32,96982
20933.0,16765.0,10.0,10656,Home Appliances,South,Premium,1459,2.49,96617
16223.0,12067.0,30.0,12707,Home Appliances,North,Mid-tier,1018,2.39,81058
16942.0,15915.0,5.0,11937,FMCG,East,Premium,1254,1.9,71743
12966.0,7568.0,20.0,8582,FMCG,South,Mid-tier,1000,1.97,51532
15383.0,17412.0,30.0,11841,FMCG,West,Budget,1864,2.51,98868
13241.0,16192.0,,7684,Electronics,East,Mid-tier,1280,2.74,81352
15120.0,17554.0,20.0,16868,Home Appliances,West,Mid-tier,1886,2.31,103145
25268.0,19232.0,10.0,7254,Fashion,West,Budget,1000,2.12,84740
15253.0,16470.0,0.0,11314,Electronics,West,Mid-tier,1000,2.21,74682
33161.0,15592.0,10.0,8352,Sports,East,Mid-tier,1000,2.07,85061
22466.0,11475.0,30.0,13996,Electronics,West,Premium,1000,2.24,105958
,12151.0,0.0,10839,Home Appliances,East,Mid-tier,1000,1.57,52829
,19746.0,,10184,Sports,West,Premium,1166,2.09,82339
23501.0,20745.0,,14986,Electronics,North,Mid-tier,1000,3.02,144936
17121.0,14047.0,,12103,Home Appliances,North,Budget,1245,2.19,78131
20610.0,15184.0,0.0,13808,,East,Budget,1331,2.18,80029
32800.0,11381.0,20.0,8565,Fashion,West,Mid-tier,1000,2.42,94263
19519.0,19691.0,20.0,7083,Electronics,West,Premium,1000,2.06,74531
25746.0,17661.0,20.0,12375,Home Appliances,West,Mid-tier,1141,2.53,108508
16484.0,22764.0,30.0,10884,FMCG,North,Premium,1099,3.64,153583
19825.0,11486.0,25.0,14192,Home Appliances,West,Mid-tier,1000,2.61,104670
28854.0,13487.0,0.0,11720,Fashion,West,Budget,1000,1.07,35630
16865.0,15925.0,15.0,12717,Home Appliances,East,Budget,1000,1.09,49639
29062.0,17585.0,10.0,6318,,West,Premium,1365,2.92,116969
23538.0,14137.0,10.0,18609,Electronics,North,Mid-tier,1472,1.94,89104
17187.0,11508.0,15.0,11425,Sports,West,Premium,1000,2.78,104381
23162.0,18525.0,10.0,14441,Electronics,North,Budget,1515,1.38,63189
24862.0,17884.0,10.0,9073,Sports,North,Premium,1092,2.6,108562
23109.0,,30.0,13078,FMCG,South,Mid-tier,1737,1.67,76090
12148.0,20421.0,0.0,7440,,North,Premium,1000,2.55,86360
16364.0,19680.0,30.0,13582,,South,Mid-tier,1133,2.72,126851
18762.0,,15.0,10754,Sports,South,Mid-tier,1361,2.57,94557
19627.0,15318.0,15.0,12102,Home Appliances,West,Budget,1693,1.16,48028
23103.0,17216.0,25.0,14442,Home Appliances,South,Mid-tier,1496,2.51,111567
20888.0,11553.0,10.0,7686,FMCG,East,Mid-tier,1000,1.79,58361
13323.0,15120.0,,9604,Home Appliances,North,Mid-tier,1000,2.9,94436
21900.0,6390.0,,13600,Sports,East,Premium,1000,3.12,104148
23052.0,18505.0,10.0,19343,Fashion,South,Budget,1419,1.69,93130
,8754.0,30.0,11516,Electronics,West,Premium,1300,4.27,153074
,21013.0,25.0,14068,Sports,North,Premium,1000,2.21,120612
24169.0,13679.0,5.0,11625,Sports,East,Budget,1276,1.62,61614
22295.0,14153.0,5.0,18797,Electronics,West,Premium,1000,2.79,118188
19649.0,12489.0,10.0,5884,Electronics,South,Premium,1000,3.8,107051
11695.0,13847.0,0.0,12331,Fashion,West,Mid-tier,1220,2.73,82958
22148.0,20674.0,15.0,6310,Fashion,East,Premium,1000,3.1,115678
21038.0,5048.0,5.0,3226,Fashion,West,Budget,1000,1.28,19687
21357.0,20107.0,15.0,13041,Home Appliances,East,Premium,1000,2.01,81922
13616.0,16352.0,0.0,12488,Sports,West,Mid-tier,1000,2.35,84279
14594.0,10171.0,10.0,11003,Electronics,,Premium,1000,1.73,55215
25265.0,10698.0,,11628,Sports,West,Budget,1000,1.9,78571
19802.0,21705.0,15.0,22844,Sports,North,Mid-tier,1124,2.58,142851
23407.0,11217.0,,11096,Fashion,East,Premium,1466,1.74,71636
20141.0,10386.0,25.0,13785,Fashion,North,Budget,1000,2.09,87959
20148.0,19549.0,10.0,9727,Sports,West,Budget,1019,2.06,73323
24691.0,16354.0,0.0,13033,Fashion,North,Premium,1157,2.18,78893
17419.0,11248.0,25.0,11166,Home Appliances,East,Premium,1000,2.59,90919
20480.0,15866.0,30.0,10563,Electronics,West,Mid-tier,1325,1.27,60865
17688.0,10896.0,25.0,18366,Sports,North,Premium,1437,2.63,107070
17827.0,19403.0,5.0,16120,Electronics,North,Mid-tier,1000,1.27,48224
18454.0,19245.0,30.0,12478,Home Appliances,South,Premium,1178,2.28,106906
21110.0,17128.0,10.0,3935,Fashion,North,Budget,1000,1.51,48734
17606.0,16446.0,20.0,10736,FMCG,South,Budget,1194,1.25,56591
26278.0,22044.0,30.0,21460,Home Appliances,East,Budget,1538,1.27,91007
15526.0,14998.0,5.0,11192,FMCG,South,Budget,1000,1.15,31829
19065.0,10272.0,30.0,15861,Electronics,East,Mid-tier,1065,3.0,122690
17801.0,16797.0,10.0,17046,Sports,North,Budget,1359,1.65,74195
27234.0,23344.0,30.0,12766,Fashion,North,Mid-tier,1892,3.03,163414
20982.0,10940.0,10.0,9053,Home Appliances,South,Mid-tier,1000,1.89,59703
25159.0,13554.0,30.0,3476,Fashion,East,Mid-tier,1248,2.08,76449
12572.0,16665.0,0.0,14394,FMCG,North,Premium,1870,2.15,79354
21335.0,14784.0,20.0,9148,FMCG,South,Mid-tier,1000,0.56,31101
24448.0,11070.0,15.0,12616,Sports,South,Premium,1520,2.91,120349
20411.0,19487.0,15.0,7625,FMCG,South,Mid-tier,1000,2.09,77363
25327.0,24280.0,5.0,11071,Sports,North,Premium,1000,2.49,117382
17413.0,15784.0,20.0,12118,Home Appliances,East,Premium,1000,1.26,53908
27046.0,11383.0,5.0,12940,Sports,,Budget,1000,1.63,63789
31494.0,8804.0,15.0,8098,FMCG,,Mid-tier,1000,1.91,75599
18185.0,16031.0,10.0,16189,Electronics,West,Premium,1001,2.6,109352
17772.0,19415.0,30.0,9910,Sports,North,Budget,1000,1.81,74845
27266.0,16900.0,0.0,6139,Fashion,East,Mid-tier,1000,1.76,68061
,14990.0,5.0,11618,Electronics,South,Budget,1000,1.87,80940
17385.0,12642.0,5.0,12120,Sports,West,Premium,1560,3.09,110817
17899.0,10631.0,10.0,12562,Fashion,West,Budget,1000,1.51,56622
18591.0,18339.0,5.0,16767,Electronics,North,Budget,1022,1.05,45992
,18655.0,15.0,11172,Sports,West,Mid-tier,1464,1.41,54393
15406.0,8817.0,25.0,11581,Home Appliances,,Premium,1117,2.99,100909
14979.0,21359.0,20.0,8138,Fashion,South,Mid-tier,1048,2.91,105819
16161.0,17296.0,15.0,14871,Home Appliances,South,Mid-tier,1000,1.18,48109
19826.0,20598.0,0.0,12645,FMCG,East,Budget,1080,1.19,50032
21171.0,,20.0,10529,Sports,West,Premium,1000,2.42,77415
27752.0,9536.0,5.0,5333,Sports,East,Mid-tier,1000,1.0,33987
15008.0,14404.0,20.0,17055,Fashion,East,Premium,1000,2.58,109171
24921.0,17011.0,10.0,7703,Sports,South,Mid-tier,1000,2.29,86838
18930.0,22185.0,10.0,9930,FMCG,South,Budget,1000,1.88,85488
19752.0,17824.0,10.0,13254,Sports,North,Mid-tier,1000,1.89,85044
23374.0,14029.0,25.0,7812,Electronics,South,Mid-tier,1508,2.05,76364
14386.0,10894.0,5.0,6772,Home Appliances,East,Mid-tier,1155,1.53,42600
21912.0,19920.0,15.0,4566,FMCG,West,Premium,1366,1.44,60794
20832.0,11141.0,5.0,14523,,East,Budget,1109,1.56,59085
22462.0,21513.0,20.0,10091,Home Appliances,East,Premium,1182,2.91,126491
21445.0,13862.0,30.0,22245,Home Appliances,East,Mid-tier,1000,2.31,116148
32276.0,21362.0,10.0,8519,FMCG,South,Budget,1000,2.15,98716
16811.0,17715.0,15.0,8774,Home Appliances,East,Premium,1614,2.8,94655
17345.0,14452.0,30.0,10021,Fashion,North,Mid-tier,1686,2.68,105269
16884.0,12922.0,15.0,12850,Home Appliances,West,Budget,1000,1.79,65936
17222.0,13636.0,15.0,10354,Electronics,South,Budget,1000,2.52,89714
16813.0,16713.0,15.0,14143,Electronics,East,Mid-tier,1347,1.89,84745
25945.0,15308.0,20.0,8574,Fashion,North,Budget,1017,2.06,85973
27102.0,12624.0,5.0,7164,Home Appliances,West,Budget,1000,1.74,66773
17146.0,14337.0,25.0,5706,Electronics,East,Premium,1000,3.2,98581
15838.0,15314.0,10.0,4217,Sports,West,Budget,1000,1.82,54202
22357.0,6485.0,0.0,10186,Home Appliances,South,Premium,1000,2.37,69388
17238.0,16832.0,20.0,10946,Fashion,South,Premium,1000,2.89,106924
23164.0,11081.0,10.0,9789,Home Appliances,North,Premium,1000,2.84,95811
21014.0,10386.0,5.0,16351,FMCG,South,Premium,1000,2.85,115783
12421.0,8250.0,15.0,16298,FMCG,North,Budget,1916,2.35,77077
27737.0,7824.0,25.0,10828,Electronics,East,Budget,1000,1.89,67841
,9578.0,25.0,5721,FMCG,West,Premium,1000,1.96,71058
16936.0,12163.0,30.0,10016,Fashion,South,Budget,1000,1.92,68532
18061.0,22813.0,25.0,9900,Electronics,West,Premium,1000,2.4,108338
21429.0,12896.0,0.0,9700,Fashion,West,Premium,1000,2.12,72657
21672.0,15711.0,10.0,9557,Fashion,East,Premium,1248,2.32,88204
,16601.0,25.0,9712,FMCG,East,Mid-tier,1000,1.74,74862
,15524.0,10.0,10647,FMCG,,Budget,1000,0.67,32923
19115.0,14690.0,15.0,9775,Fashion,East,Budget,1121,2.35,83609
16008.0,10218.0,15.0,12729,,West,Premium,1000,2.26,69366
13103.0,20803.0,10.0,13261,FMCG,North,Budget,1140,0.96,40692
16345.0,22228.0,30.0,8812,FMCG,North,Premium,1584,2.88,133146
19834.0,8269.0,15.0,16448,Home Appliances,North,Budget,1410,1.98,71749
28972.0,10903.0,15.0,8569,Fashion,South,Premium,1661,2.47,83708
17411.0,13880.0,30.0,6337,Sports,East,Premium,1000,1.87,74296
21118.0,11141.0,15.0,13332,Fashion,East,Mid-tier,1327,1.39,58247
19917.0,17023.0,5.0,9139,Electronics,East,Premium,1751,3.86,138076
25941.0,,15.0,13124,FMCG,,Mid-tier,1000,1.39,59100
32634.0,23660.0,25.0,3587,FMCG,,Budget,1158,1.07,58545
17345.0,19762.0,20.0,16873,Sports,North,Budget,1000,1.62,80244
17552.0,15850.0,20.0,14353,Electronics,West,Mid-tier,1000,2.65,116176
25220.0,19107.0,,6748,Home Appliances,South,Budget,1584,2.49,107121
23409.0,19423.0,10.0,6824,,North,Mid-tier,1000,1.99,80392
29233.0,12744.0,25.0,17852,Home Appliances,,Budget,1288,1.7,86486
22919.0,11735.0,25.0,9419,Electronics,West,Mid-tier,1000,1.53,63387
18203.0,15312.0,5.0,9080,Sports,,Mid-tier,1447,2.61,83528
22953.0,18446.0,5.0,4068,Electronics,South,Premium,1109,2.42,87435
25543.0,15556.0,30.0,10772,Sports,North,Budget,1000,1.82,81688
24102.0,8692.0,,11202,Home Appliances,East,Premium,1000,2.99,109439
22536.0,11788.0,25.0,14504,Home Appliances,South,Mid-tier,2291,2.42,97704
25333.0,14704.0,25.0,7103,Electronics,,Premium,1054,2.61,98763
,14697.0,,6678,Electronics,South,Mid-tier,1000,2.86,102035
26910.0,22890.0,15.0,13578,,North,Budget,1000,1.03,56234
23243.0,9456.0,15.0,15523,Sports,East,Budget,1146,1.81,70066
19164.0,17022.0,0.0,6500,FMCG,South,Budget,1000,1.76,61815
20733.0,20956.0,20.0,15785,Fashion,North,Mid-tier,1000,1.97,97839
26032.0,24085.0,15.0,12131,Fashion,South,Premium,1754,2.98,144837
15915.0,13382.0,15.0,15821,,East,Budget,1372,2.01,83686
21843.0,16965.0,15.0,11754,Home Appliances,West,Mid-tier,1000,2.75,123868
18033.0,17279.0,15.0,3172,Fashion,North,Premium,1358,2.51,75240
20143.0,15781.0,5.0,11468,,,Mid-tier,1000,1.94,71416
26392.0,14604.0,10.0,15710,,East,Mid-tier,1965,2.38,104327
20955.0,16743.0,5.0,8871,FMCG,North,Budget,1201,1.56,60127
20232.0,4871.0,5.0,10642,Fashion,East,Mid-tier,1000,1.27,41166
13200.0,17728.0,30.0,11383,Electronics,North,Mid-tier,1000,2.8,108393
23731.0,15504.0,5.0,2000,FMCG,East,Premium,1000,1.33,38457
23227.0,14110.0,10.0,17849,Fashion,South,Budget,1000,1.85,87301
30816.0,23187.0,15.0,8845,Home Appliances,,Mid-tier,1097,3.51,172458
18461.0,12300.0,,13770,FMCG,South,Mid-tier,1000,2.44,99788
21095.0,13387.0,5.0,11696,Fashion,North,Premium,1000,2.03,70877
21246.0,22966.0,20.0,16401,,East,Mid-tier,1663,1.95,107014
27887.0,11671.0,20.0,13421,FMCG,East,Mid-tier,1000,2.4,105458
19523.0,12799.0,,11177,Sports,West,Mid-tier,1472,2.04,61385
21395.0,14411.0,,8872,FMCG,South,Mid-tier,1000,2.5,95610
23039.0,18362.0,30.0,14792,FMCG,West,Mid-tier,1752,3.13,152201
20933.0,15831.0,25.0,5442,Sports,South,Premium,1000,3.59,125546
17767.0,9829.0,20.0,14260,Electronics,West,Mid-tier,1000,1.56,66017
20970.0,12871.0,0.0,8153,Fashion,South,Mid-tier,1000,2.01,65293
25368.0,12570.0,10.0,16382,Electronics,East,Mid-tier,1047,2.36,98430
14867.0,14691.0,15.0,12564,Electronics,South,Mid-tier,1019,2.97,109435
20664.0,16703.0,5.0,14254,Fashion,North,Budget,1000,1.79,76502
16499.0,16672.0,10.0,12286,Home Appliances,South,Budget,1000,1.39,46131
,7895.0,15.0,5866,Electronics,,Budget,1000,1.91,68786
12384.0,19255.0,10.0,8987,Electronics,East,Budget,1000,2.44,80890
17205.0,16010.0,20.0,14353,Electronics,North,Premium,1296,2.47,107693
21886.0,20538.0,,12583,Home Appliances,East,Budget,1000,1.48,73380
27827.0,16776.0,10.0,16133,FMCG,West,Premium,1673,2.5,117941
19671.0,19405.0,25.0,13411,Sports,West,Budget,1118,1.51,73502
17224.0,16866.0,5.0,8616,Sports,North,Premium,1000,2.97,109421
29405.0,20384.0,,9213,Home Appliances,West,Budget,1664,1.51,87760
12759.0,17089.0,5.0,12360,Electronics,North,Mid-tier,1717,2.71,91201
9005.0,14608.0,0.0,3900,,South,Budget,1000,1.8,43981
22200.0,24089.0,15.0,17857,Home Appliances,West,Budget,2013,2.02,109508
17489.0,18556.0,15.0,13546,Fashion,,Budget,1000,2.02,95999
14893.0,17294.0,30.0,16294,Sports,East,Mid-tier,1493,2.79,129754
23541.0,9894.0,10.0,6467,Fashion,West,Premium,1000,2.33,72680
21219.0,9846.0,10.0,16355,Electronics,East,Premium,1848,1.9,75781
17179.0,16170.0,,19810,Sports,East,Mid-tier,1637,1.89,92090
13598.0,15582.0,15.0,7376,Home Appliances,North,Budget,1000,2.12,69234
24362.0,12543.0,,14699,FMCG,East,Budget,1000,0.94,36402
23251.0,15563.0,20.0,12003,Sports,North,Budget,1234,0.88,44842
19504.0,,20.0,6594,,North,Premium,1000,2.79,105390
29233.0,17781.0,25.0,13725,Sports,North,Premium,1373,3.27,158598
14649.0,10435.0,30.0,14917,Sports,North,Mid-tier,1451,2.86,112365
12372.0,14553.0,10.0,9896,Home Appliances,North,Mid-tier,1109,1.6,52383
16540.0,11780.0,20.0,16080,Home Appliances,South,Premium,1330,1.86,73678
19772.0,,10.0,6166,FMCG,North,Budget,1000,1.39,39009
21216.0,13345.0,20.0,6768,Home Appliances,West,Budget,1000,1.59,54012
18793.0,13089.0,15.0,12478,Home Appliances,North,Budget,1000,1.58,61136
21760.0,9979.0,30.0,12088,,South,Budget,1000,1.9,86232
13742.0,14489.0,20.0,9491,Electronics,West,Mid-tier,1000,2.97,91952
27218.0,12757.0,30.0,14833,Fashion,West,Mid-tier,1702,2.27,110182
19589.0,3282.0,25.0,13858,FMCG,South,Premium,1062,3.33,108648
25586.0,23211.0,30.0,15003,,West,Mid-tier,2406,2.68,152057
21713.0,19355.0,25.0,11569,FMCG,South,Budget,1000,1.48,72460
22283.0,13494.0,15.0,14109,FMCG,,Premium,1572,2.99,124166
22848.0,15075.0,10.0,10440,Sports,East,Mid-tier,1394,2.4,97870
22238.0,10313.0,10.0,19188,FMCG,North,Mid-tier,1000,2.1,86745
23213.0,21782.0,0.0,9156,Sports,,Mid-tier,1000,2.09,88498
26645.0,22589.0,15.0,19368,Fashion,North,Mid-tier,1086,2.12,113738
20982.0,15626.0,15.0,12122,Fashion,,Mid-tier,1000,1.56,65986
23545.0,19094.0,15.0,7185,Fashion,South,Budget,1848,2.74,106463
19551.0,15701.0,,16788,Sports,East,Budget,1473,2.33,106922
27200.0,9653.0,30.0,12440,Sports,South,Budget,1373,2.08,95839
16618.0,13352.0,5.0,14978,Fashion,West,Mid-tier,1000,1.84,73287
29004.0,15527.0,10.0,16283,Sports,West,Premium,1080,2.46,123872
19799.0,13181.0,10.0,13182,Home Appliances,West,Budget,1091,1.19,49199
12846.0,14125.0,10.0,9927,Home Appliances,West,Budget,1000,1.88,53159
20640.0,14634.0,,15414,Sports,West,Mid-tier,1000,2.38,102575
16594.0,14676.0,15.0,12002,Sports,East,Premium,1065,2.45,94987
24203.0,15209.0,15.0,14400,Electronics,South,Budget,1000,1.73,83666
,10757.0,25.0,4461,Electronics,West,Budget,1000,1.67,56977
17769.0,12131.0,25.0,13564,FMCG,North,Premium,1000,2.37,94367
,,5.0,9764,FMCG,East,Mid-tier,1000,1.65,41217
17738.0,18911.0,20.0,17786,FMCG,North,Premium,1449,1.97,85820
7880.0,6577.0,10.0,14180,Fashion,East,Mid-tier,1493,1.73,51165
,19614.0,10.0,12839,Home Appliances,East,Budget,1585,1.42,55219
23802.0,20545.0,0.0,13702,Fashion,North,Premium,1034,3.05,129367
23929.0,13791.0,15.0,8505,Sports,North,Premium,1233,2.18,85239
22127.0,4587.0,10.0,17681,Electronics,West,Budget,1274,0.83,40688
15165.0,13554.0,10.0,18969,Sports,North,Budget,1044,1.8,79476
19761.0,14743.0,20.0,13375,Sports,South,Mid-tier,1000,2.54,107532
19981.0,10957.0,20.0,17566,Electronics,East,Budget,1141,2.19,98448
14208.0,12939.0,5.0,10007,Sports,East,Budget,2014,1.71,38184
27516.0,21120.0,0.0,9210,FMCG,West,Premium,1278,1.72,81733
24386.0,17659.0,25.0,12143,Electronics,East,Mid-tier,1000,1.8,82191
18895.0,11301.0,0.0,13522,Sports,North,Budget,1000,1.84,58859
20134.0,8609.0,30.0,10621,FMCG,East,Premium,1000,3.77,124099
21041.0,13691.0,15.0,13882,FMCG,East,Budget,1000,1.23,51738
9791.0,14146.0,10.0,13072,Home Appliances,North,Budget,1000,1.77,66039
18764.0,16984.0,5.0,8505,FMCG,North,Budget,2007,1.41,52328
16590.0,12858.0,0.0,13815,Fashion,East,Budget,1000,1.27,39872
14991.0,,5.0,15022,Electronics,South,Mid-tier,1000,2.07,77730
18594.0,22740.0,5.0,12600,Electronics,North,Premium,1016,2.38,114719
28988.0,,15.0,16034,Electronics,South,Premium,1202,1.27,70469
23204.0,14807.0,5.0,7739,Sports,South,Budget,1000,1.72,58063
17144.0,14267.0,15.0,13637,Sports,West,Premium,1000,2.79,98041
22862.0,13573.0,15.0,7904,Fashion,South,Budget,1543,2.04,65425
26996.0,19722.0,10.0,8100,FMCG,West,Premium,1333,2.16,85949
24623.0,12490.0,,9791,Sports,South,Mid-tier,1000,1.21,42159
20298.0,15180.0,0.0,8702,FMCG,West,Mid-tier,1000,1.79,64642
16765.0,15204.0,0.0,10082,FMCG,North,Premium,1000,2.82,94295
23491.0,12992.0,20.0,11250,Sports,East,Budget,1000,1.73,77578
21967.0,9510.0,10.0,14930,Sports,East,Budget,1000,2.04,80577
24475.0,16291.0,20.0,10875,Fashion,West,Budget,2055,1.19,49706
23175.0,14755.0,10.0,6450,Home Appliances,,Budget,1000,2.02,72123
25247.0,17000.0,15.0,15990,Electronics,West,Mid-tier,1000,2.28,112017
17323.0,12865.0,15.0,9070,Sports,West,Budget,1125,1.57,53540
26586.0,19883.0,20.0,11794,Sports,North,Budget,1000,2.23,105858
20987.0,11492.0,10.0,13562,FMCG,South,Budget,1000,1.78,67210
30376.0,21848.0,5.0,12698,Home Appliances,South,Budget,1000,1.24,54616
16554.0,8009.0,15.0,15829,Sports,North,Mid-tier,1442,2.68,86981
28679.0,16739.0,10.0,13676,Home Appliances,West,Premium,1060,2.37,122541
20989.0,16901.0,10.0,8985,Electronics,East,Premium,1000,2.54,88012
16742.0,11817.0,15.0,19624,FMCG,West,Budget,1308,1.35,51438
17580.0,16697.0,15.0,12680,Fashion,South,Budget,1000,1.7,66014
18398.0,,15.0,11484,Electronics,North,Premium,1000,1.97,85864
22120.0,6132.0,15.0,15373,Home Appliances,North,Mid-tier,1000,2.06,79338
22614.0,17010.0,20.0,12873,Home Appliances,North,Mid-tier,1000,2.22,93666
17131.0,5026.0,20.0,13397,,South,Mid-tier,1000,2.53,80646
19878.0,11137.0,,20722,,,Mid-tier,1000,1.39,62708
30711.0,21516.0,20.0,11037,Fashion,North,Mid-tier,1196,2.75,139390
28637.0,12672.0,25.0,10887,Fashion,East,Mid-tier,1000,2.83,119233
22181.0,10304.0,10.0,12408,Home Appliances,North,Mid-tier,1000,2.0,69477
20190.0,14208.0,10.0,15750,Home Appliances,West,Mid-tier,1300,2.17,86797
20600.0,23271.0,20.0,6727,Fashion,South,Mid-tier,1409,2.37,88310
23067.0,7673.0,15.0,5120,Home Appliances,East,Budget,1000,1.76,50463
14886.0,10794.0,0.0,9945,Sports,East,Mid-tier,1000,2.3,62943
18713.0,20989.0,25.0,6281,FMCG,North,Budget,1000,1.63,61221
11657.0,22430.0,0.0,10513,Sports,West,Premium,1000,1.94,67232
21996.0,14586.0,20.0,13758,Home Appliances,North,Budget,1000,1.95,83981
23235.0,10043.0,20.0,8882,Home Appliances,East,Premium,1206,1.63,51123
17584.0,23383.0,30.0,7006,FMCG,North,Budget,1402,2.12,88193
27869.0,21377.0,0.0,12242,Home Appliances,West,Premium,1434,2.83,126517
13871.0,17715.0,15.0,15018,FMCG,South,Budget,1000,1.38,60303
12678.0,11750.0,10.0,6067,Fashion,East,Budget,1000,2.28,63773
21122.0,14803.0,10.0,14870,FMCG,West,Premium,1254,2.3,95778
25235.0,14358.0,0.0,14860,FMCG,North,Mid-tier,1931,1.78,79705
28419.0,16323.0,15.0,15339,Sports,East,Mid-tier,1176,1.8,88139
17705.0,20804.0,,16264,Home Appliances,North,Mid-tier,1188,2.39,113433
25393.0,18517.0,5.0,19707,Fashion,North,Mid-tier,1227,1.85,94856
19807.0,10690.0,15.0,10753,Electronics,South,Mid-tier,1000,1.38,62523
19136.0,20505.0,20.0,12383,,North,Budget,1246,1.91,86167
24418.0,16252.0,20.0,10542,Electronics,North,Mid-tier,1000,2.04,91823
23261.0,17748.0,30.0,12006,Home Appliances,West,Budget,1019,2.34,109974
12118.0,20866.0,10.0,17365,FMCG,North,Premium,1121,2.71,122816
27382.0,10553.0,30.0,7292,Electronics,South,Mid-tier,1000,2.45,97062
26900.0,14856.0,25.0,8986,Sports,North,Mid-tier,1000,2.82,118601
16872.0,12874.0,10.0,16820,Electronics,North,Mid-tier,1000,2.18,80630
21979.0,8728.0,5.0,15570,,North,Mid-tier,1248,2.45,84827
22470.0,16386.0,10.0,10729,Fashion,East,Budget,1025,1.41,54431
21303.0,25046.0,10.0,14990,Home Appliances,South,Budget,1000,2.37,116909
,7639.0,15.0,13194,Electronics,East,Budget,1000,1.84,62574
16641.0,14870.0,15.0,17250,FMCG,South,Premium,1404,1.8,75061
19872.0,17562.0,20.0,12260,Home Appliances,South,Budget,1026,1.82,69724
25863.0,15492.0,15.0,15589,Electronics,West,Mid-tier,1000,2.25,110530
22718.0,14547.0,5.0,21247,FMCG,East,Premium,1085,2.54,122735
18146.0,9803.0,25.0,14093,FMCG,South,Premium,1000,1.15,50469
23858.0,15931.0,10.0,12172,FMCG,South,Mid-tier,1182,1.81,82368
5757.0,11972.0,30.0,14528,FMCG,West,Mid-tier,1325,1.5,52457
25743.0,6240.0,5.0,10721,Electronics,,Mid-tier,1000,1.35,43871
11301.0,19778.0,30.0,20357,Fashion,North,Mid-tier,1181,2.4,118720
18187.0,18833.0,0.0,12630,Sports,,Budget,1090,1.38,51038
14401.0,15206.0,5.0,11044,,South,Premium,1000,2.24,69750
13526.0,15916.0,0.0,9075,Sports,East,Mid-tier,1214,1.55,50831
25804.0,19297.0,20.0,15840,Fashion,South,Budget,2273,2.37,122097
17661.0,15897.0,25.0,15035,FMCG,West,Mid-tier,1063,2.27,102767
21732.0,18616.0,10.0,10259,FMCG,,Budget,1700,1.04,40611
19765.0,13810.0,30.0,14017,Home Appliances,East,Mid-tier,1000,2.67,117751
22385.0,20247.0,15.0,6720,Sports,West,Mid-tier,1000,1.97,75842
20384.0,16283.0,15.0,12647,,West,Mid-tier,1030,2.79,114549
13585.0,15776.0,25.0,13584,FMCG,North,Budget,1000,1.8,84114
24981.0,,10.0,17975,Sports,South,Mid-tier,1052,1.73,80208
17531.0,16147.0,10.0,9302,FMCG,North,Budget,1374,1.45,54244
12217.0,,30.0,7525,FMCG,North,Budget,1000,1.65,61790
17859.0,12446.0,30.0,8866,FMCG,,Premium,1303,3.1,103661
,11738.0,30.0,7322,Electronics,West,Budget,1000,1.48,66573
24251.0,10735.0,30.0,16678,Electronics,South,Budget,1000,2.41,106883
18256.0,23499.0,5.0,17420,Electronics,South,Budget,1140,1.79,85184
18253.0,20325.0,25.0,13120,Electronics,South,Budget,1000,1.9,97126
18391.0,22681.0,10.0,16274,Fashion,West,Budget,1000,1.71,84126
30383.0,10108.0,30.0,12468,Home Appliances,South,Premium,1701,2.75,128546
21909.0,15285.0,15.0,11667,Home Appliances,South,Mid-tier,1594,1.47,61349
22150.0,9825.0,15.0,10834,FMCG,West,Premium,1188,2.77,102161
25151.0,12217.0,15.0,10913,Sports,East,Premium,1456,3.82,144506
21193.0,11327.0,10.0,6582,Electronics,South,Mid-tier,1000,2.46,75528
18704.0,19958.0,0.0,12924,Home Appliances,West,Budget,1000,1.78,71339
19018.0,13415.0,25.0,11858,Home Appliances,North,Mid-tier,1000,1.39,61449
19641.0,19273.0,25.0,14608,Electronics,West,Budget,1000,2.29,106905
19813.0,17416.0,5.0,12327,Fashion,North,Mid-tier,1000,2.46,89449
23638.0,24214.0,20.0,11430,Fashion,West,Premium,1474,3.41,163243
20259.0,9082.0,15.0,8950,Home Appliances,South,Budget,1000,1.33,45935
23663.0,20036.0,10.0,12252,Fashion,East,Premium,1041,2.27,109522
19596.0,19585.0,10.0,14583,Electronics,East,Budget,1047,1.06,38059
20393.0,11106.0,25.0,7998,Home Appliances,South,Mid-tier,1316,1.37,60388
10008.0,19028.0,20.0,12306,Electronics,North,Mid-tier,1000,1.88,78376
24581.0,16344.0,15.0,12815,Fashion,West,Mid-tier,1462,2.4,108522
21732.0,14090.0,15.0,9486,Electronics,South,Mid-tier,1000,1.93,73372
24990.0,11704.0,0.0,9942,Fashion,West,Mid-tier,1000,1.67,52022
5518.0,12123.0,15.0,12807,Fashion,South,Premium,1416,2.8,89514
30441.0,,5.0,8033,Electronics,South,Premium,1370,0.5,31101
19302.0,15002.0,5.0,13224,Fashion,West,Budget,1000,1.42,55933
25540.0,18128.0,20.0,8866,FMCG,East,Premium,1496,2.86,122218
14800.0,11836.0,30.0,15719,Electronics,East,Budget,1164,1.65,70821
23063.0,11880.0,10.0,20182,FMCG,,Budget,1375,2.23,104844
14732.0,,5.0,8987,Electronics,West,Premium,1000,2.05,70631
16881.0,9601.0,15.0,13869,,North,Premium,1285,2.2,78673
29570.0,13339.0,,9456,Fashion,South,Budget,1000,1.36,66052
19046.0,15136.0,20.0,15643,Home Appliances,North,Premium,1000,2.14,105993
21087.0,15445.0,25.0,7571,Home Appliances,South,Premium,1811,2.89,102007
24350.0,14283.0,15.0,13682,FMCG,West,Premium,1000,3.1,131478
22478.0,16583.0,20.0,8944,Fashion,West,Mid-tier,1000,3.39,136982
20752.0,17771.0,5.0,11275,Home Appliances,West,Mid-tier,1537,2.35,95647
21824.0,17938.0,10.0,8391,Fashion,,Budget,1644,1.19,50865
32017.0,11056.0,10.0,14878,Electronics,North,Premium,1000,3.3,161834
19711.0,,15.0,9070,Home Appliances,,Budget,1000,1.93,74660
21005.0,,30.0,13931,FMCG,East,Premium,1089,2.78,129624
25253.0,18578.0,25.0,10795,Home Appliances,West,Mid-tier,2123,2.85,125126
25527.0,9508.0,5.0,11599,Fashion,West,Premium,1000,3.92,137509
25935.0,16405.0,5.0,12517,Sports,South,Premium,1468,2.34,96889
23193.0,7087.0,10.0,9333,Sports,East,Premium,1159,2.0,63097
14284.0,15187.0,10.0,12736,Fashion,West,Mid-tier,1358,2.8,100267
28167.0,22591.0,15.0,17356,Electronics,East,Mid-tier,2305,3.58,196089
14268.0,11208.0,30.0,9276,Home Appliances,West,Mid-tier,1241,2.38,66596
21513.0,11662.0,30.0,16101,Sports,North,Budget,1000,1.85,82311
16228.0,18056.0,20.0,17243,Electronics,North,Premium,1000,2.75,127648
19679.0,8828.0,25.0,9143,Fashion,East,Mid-tier,1000,2.5,90830
21643.0,12468.0,15.0,6907,Electronics,South,Budget,1000,1.11,38765
21606.0,17385.0,5.0,13056,,South,Mid-tier,1408,2.21,88621
22109.0,12462.0,15.0,10084,Home Appliances,North,Premium,1000,2.76,98897
28068.0,14056.0,15.0,18540,Electronics,South,Budget,1044,1.81,100649
22267.0,17976.0,20.0,12121,Home Appliances,South,Mid-tier,1059,2.29,101630
18779.0,16686.0,5.0,9192,Electronics,South,Mid-tier,1000,2.1,62267
24820.0,16067.0,10.0,7984,Fashion,East,Budget,1000,0.8,42431
25947.0,13643.0,10.0,15814,Fashion,East,Budget,1483,1.38,66709
13861.0,16480.0,30.0,10000,Electronics,South,Budget,1792,2.23,78901
22987.0,,10.0,12153,Fashion,North,Budget,1000,2.14,82724
23505.0,16831.0,20.0,15345,FMCG,South,Budget,1570,1.57,73565
18512.0,13012.0,20.0,10305,FMCG,West,Mid-tier,1000,1.67,62222
26878.0,14269.0,10.0,11839,Home Appliances,North,Budget,1029,1.98,90456
19249.0,11040.0,15.0,11942,FMCG,East,Budget,1000,1.84,57554
20627.0,14859.0,25.0,14391,FMCG,West,Premium,1410,2.62,111969
19134.0,11755.0,15.0,14067,Sports,South,Mid-tier,1000,2.61,99397
20077.0,10543.0,,11229,Sports,,Premium,1000,1.95,76384
14518.0,16034.0,5.0,12222,Sports,North,Mid-tier,1440,2.64,87815
12799.0,15850.0,0.0,10698,Sports,North,Mid-tier,1000,1.25,44742
27972.0,18131.0,25.0,6828,Fashion,South,Mid-tier,1000,1.79,79775
,13275.0,25.0,12901,Home Appliances,South,Budget,1394,1.33,54981
15043.0,16632.0,30.0,18622,,North,Premium,1000,2.36,113305
9233.0,17203.0,,8906,,West,Mid-tier,1000,2.37,75408
16805.0,16779.0,30.0,9294,,East,Mid-tier,1851,2.69,100468
13384.0,11697.0,25.0,8952,FMCG,North,Mid-tier,1110,2.2,65931
28210.0,15597.0,25.0,14536,Home Appliances,West,Premium,1000,1.84,104195
25049.0,16456.0,15.0,13569,Electronics,South,Mid-tier,1000,1.07,56351
16559.0,15028.0,10.0,11445,Electronics,East,Premium,1000,3.05,105076
31262.0,6654.0,30.0,8786,Home Appliances,West,Premium,1000,3.26,128458
24908.0,,10.0,12323,Fashion,East,Budget,1000,2.13,92344
18375.0,23850.0,15.0,6523,FMCG,East,Mid-tier,1690,2.08,83838
7502.0,13559.0,10.0,12501,Home Appliances,East,Mid-tier,1054,2.45,68113
31454.0,12087.0,15.0,15050,,West,Premium,1000,2.17,97849
13052.0,16493.0,15.0,7620,Sports,West,Premium,1195,2.89,95131
11773.0,16249.0,0.0,6636,Home Appliances,South,Budget,1477,1.41,41357
25112.0,,25.0,17528,Fashion,East,Mid-tier,1104,1.79,92389
32198.0,9968.0,10.0,9858,Sports,North,Premium,1211,2.67,102017
,17925.0,,15975,Home Appliances,North,Mid-tier,1000,2.25,115298
22819.0,17361.0,5.0,11461,Electronics,North,Mid-tier,1000,2.52,106338
22973.0,14431.0,0.0,11433,Home Appliances,West,Mid-tier,1000,1.36,52485
24267.0,16354.0,5.0,13534,Electronics,South,Premium,1698,3.03,124996
23794.0,19117.0,20.0,8906,Electronics,West,Mid-tier,1000,2.27,98578
21405.0,18489.0,0.0,12463,Home Appliances,East,Premium,1280,3.04,120877
20521.0,10427.0,30.0,10664,Home Appliances,North,Budget,1130,2.33,89775
,18280.0,5.0,7378,Electronics,West,Budget,2470,0.64,31608
16230.0,14741.0,5.0,13181,FMCG,North,Premium,1000,3.1,106367
18596.0,15291.0,5.0,11078,Sports,West,Mid-tier,1000,2.61,93877
11535.0,15292.0,,11450,,North,Budget,1000,1.1,33080
19508.0,14399.0,20.0,7764,Home Appliances,East,Budget,1000,1.07,41929
15057.0,19766.0,25.0,17569,Sports,North,Premium,1000,3.22,148510
14482.0,,15.0,15068,Sports,East,Premium,1278,2.65,108232
20899.0,10521.0,5.0,15374,FMCG,East,Premium,1000,2.06,80419
26960.0,13425.0,10.0,10930,Sports,West,Premium,1275,3.43,132286
24591.0,15714.0,15.0,5947,Home Appliances,West,Premium,1199,2.78,103089
12147.0,19916.0,30.0,18835,Sports,West,Premium,1211,1.32,67751
15051.0,17412.0,,11786,Home Appliances,East,Premium,1252,1.83,57286
24703.0,11597.0,20.0,9379,Home Appliances,South,Mid-tier,1000,2.77,91325
15087.0,24940.0,10.0,13458,Electronics,South,Mid-tier,1000,2.12,97476
18876.0,16059.0,10.0,16084,FMCG,East,Mid-tier,1070,1.72,72908
22750.0,20101.0,15.0,11919,Fashion,East,Mid-tier,1147,2.39,112166
15158.0,14393.0,0.0,16475,Electronics,West,Budget,1000,1.36,52256
20526.0,17133.0,20.0,15790,Fashion,West,Mid-tier,1410,1.51,74612
,18357.0,5.0,8232,Home Appliances,West,Budget,1217,2.06,63836
16993.0,19872.0,20.0,9641,Electronics,South,Budget,1070,2.27,93861
21598.0,19229.0,0.0,15351,Sports,South,Budget,1194,1.79,86078
12035.0,18488.0,30.0,2505,Sports,East,Premium,1300,1.7,46611
22202.0,13739.0,5.0,11476,Fashion,South,Budget,1000,2.4,87596
19901.0,12713.0,25.0,6992,,West,Budget,1000,2.62,95396
22762.0,16330.0,25.0,10332,Fashion,West,Budget,1482,2.37,94696
21119.0,18732.0,30.0,10954,FMCG,West,Premium,1296,2.97,130328
26820.0,14109.0,,10746,Sports,West,Mid-tier,1000,2.2,87920
20626.0,19260.0,20.0,10067,Electronics,West,Mid-tier,1209,2.44,101038
17852.0,20810.0,10.0,8159,,North,Budget,1000,1.2,38776
20611.0,11334.0,5.0,20021,Electronics,East,Budget,1122,1.42,66148
,11652.0,10.0,18536,Sports,East,Mid-tier,1394,1.79,80108
20244.0,14438.0,5.0,7932,Home Appliances,South,Mid-tier,1490,2.36,69962
20202.0,16230.0,30.0,17537,Sports,West,Mid-tier,1429,2.44,121231
,12901.0,,10601,Sports,North,Mid-tier,1488,1.52,47908
16685.0,20408.0,15.0,12452,Electronics,West,Budget,1000,1.04,44211
12986.0,16696.0,15.0,11778,Sports,West,Budget,1000,1.87,79011
28747.0,15157.0,15.0,9690,Electronics,South,Budget,1000,1.26,59413
13780.0,9256.0,20.0,15443,Home Appliances,North,Mid-tier,1340,1.51,63425
16535.0,9736.0,5.0,12440,FMCG,North,Premium,1073,3.75,114741
16407.0,16124.0,15.0,10332,Electronics,East,Mid-tier,1000,3.39,111550
24474.0,6469.0,10.0,7433,Fashion,West,Mid-tier,1000,1.86,44265
18525.0,19050.0,30.0,8872,FMCG,North,Premium,1117,1.5,62837
26238.0,14367.0,20.0,6255,Home Appliances,East,Premium,1000,3.44,131924
16632.0,27972.0,30.0,12042,FMCG,North,Mid-tier,1000,2.49,123151
21394.0,24231.0,0.0,7811,,West,Premium,1000,2.86,119783
15823.0,14274.0,10.0,11070,,East,Premium,1000,2.12,66976
30725.0,14574.0,5.0,16795,,North,Premium,1232,1.82,84595
14062.0,,0.0,16197,Electronics,South,Mid-tier,1868,1.88,72281
21549.0,21812.0,5.0,11887,Electronics,North,Mid-tier,1000,2.14,94047
23168.0,8447.0,20.0,11695,Home Appliances,West,Premium,1000,2.16,73036
22068.0,7854.0,5.0,18579,Home Appliances,South,Budget,1180,2.17,81277
19073.0,12511.0,15.0,13822,FMCG,,Premium,1177,1.46,57815
19350.0,17330.0,25.0,10852,Fashion,North,Premium,1000,2.98,113906
20219.0,16987.0,20.0,7008,FMCG,East,Mid-tier,1194,2.27,75481
19264.0,19279.0,10.0,13378,FMCG,West,Budget,1275,2.19,93609
,10201.0,,14902,Electronics,North,Premium,1000,1.92,71071
31052.0,5735.0,15.0,9789,Home Appliances,North,Budget,1000,2.02,80367
17212.0,18432.0,5.0,13019,Electronics,North,Mid-tier,1000,2.29,96114
13150.0,11687.0,15.0,10727,Fashion,West,Budget,1099,1.82,55623
19558.0,,10.0,11355,FMCG,South,Mid-tier,1442,1.63,54810
32898.0,15580.0,25.0,3292,Fashion,,Premium,1000,2.18,90160
15981.0,18172.0,20.0,11223,Home Appliances,East,Mid-tier,1639,2.04,87349
28195.0,,15.0,15392,Home Appliances,East,Budget,1111,1.5,71257
28388.0,13168.0,10.0,9790,Sports,West,Budget,1000,2.21,90085
17232.0,14362.0,5.0,12183,Fashion,North,Budget,1000,1.7,61730
22844.0,13517.0,20.0,9354,Electronics,North,Premium,1641,3.16,118503
28141.0,9607.0,15.0,13261,Fashion,South,Budget,1000,1.1,45885
18104.0,12141.0,5.0,11242,FMCG,West,Budget,1000,0.88,36580
18982.0,17085.0,5.0,8712,Home Appliances,West,Budget,1498,1.57,53381
17091.0,16286.0,5.0,16663,Home Appliances,North,Mid-tier,1589,1.39,56153
14926.0,15672.0,20.0,15251,Fashion,East,Budget,1103,1.78,71714
16753.0,11019.0,5.0,9882,Fashion,East,Mid-tier,1017,1.62,45716
13880.0,14273.0,15.0,13742,Fashion,South,Budget,1398,1.85,68312
20170.0,6291.0,15.0,13880,FMCG,South,Mid-tier,1000,1.73,63383
16150.0,15713.0,15.0,14248,FMCG,East,Mid-tier,1589,2.45,100921
21168.0,20715.0,25.0,6070,Electronics,West,Premium,1305,2.11,87553
12220.0,9103.0,25.0,15523,Fashion,South,Premium,1000,1.44,63028
21654.0,12656.0,15.0,10006,Electronics,North,Mid-tier,1087,2.61,94485
24167.0,16316.0,0.0,10747,Sports,West,Mid-tier,1000,1.62,52903
,20011.0,10.0,21232,FMCG,North,Premium,1000,3.38,145650
21870.0,13207.0,15.0,13056,Home Appliances,South,Mid-tier,1000,1.81,77330
26138.0,12230.0,15.0,10647,Sports,East,Premium,1000,2.05,79888
13951.0,7124.0,20.0,4281,Home Appliances,South,Premium,1000,2.45,53040
28362.0,15413.0,5.0,16864,Sports,East,Budget,2095,1.41,62849
22095.0,23168.0,15.0,7291,Electronics,West,Budget,1278,1.77,74842
16474.0,16109.0,5.0,8487,Electronics,South,Premium,1000,2.71,85213
19721.0,14910.0,20.0,10840,FMCG,South,Premium,1000,3.01,116459
22791.0,16288.0,10.0,16957,Home Appliances,South,Mid-tier,1000,2.05,93504
20380.0,14955.0,20.0,14706,,West,Premium,1073,1.65,80546
22693.0,11747.0,0.0,11447,Fashion,North,Premium,1000,3.43,115070
15396.0,18293.0,10.0,13079,Fashion,,Budget,1000,1.52,62368
20846.0,15903.0,20.0,9898,FMCG,,Premium,1343,2.36,84689
12931.0,15070.0,5.0,12488,Home Appliances,South,Mid-tier,1000,2.0,70546
19443.0,11098.0,20.0,12256,Fashion,North,Premium,1000,2.47,83835
15480.0,20214.0,15.0,15390,FMCG,West,Budget,1000,0.97,49889
16322.0,17658.0,15.0,15385,FMCG,South,Budget,1082,1.97,75620
26180.0,12788.0,10.0,13728,Home Appliances,East,Budget,1454,1.34,52805
25456.0,19007.0,15.0,10731,Fashion,North,Budget,1274,1.58,76834
23045.0,13009.0,15.0,14596,Fashion,West,Premium,1000,3.71,159572
14538.0,11871.0,15.0,11678,,West,Mid-tier,1244,2.66,73379
18417.0,11961.0,20.0,8213,Electronics,East,Mid-tier,1203,3.09,93550
26065.0,7915.0,10.0,10588,Fashion,North,Mid-tier,1000,1.74,70951
20708.0,16886.0,5.0,12295,Sports,South,Premium,1803,2.91,114419
31596.0,7675.0,5.0,15185,Electronics,West,Premium,1233,2.71,106428
21966.0,10086.0,0.0,11357,Electronics,East,Premium,1039,2.37,84572
20960.0,6697.0,10.0,7767,Electronics,West,Mid-tier,1000,1.71,51773
18454.0,14655.0,20.0,12198,Electronics,West,Premium,1000,3.36,127990
20667.0,14398.0,20.0,12397,,North,Premium,1000,2.3,83967
19237.0,13693.0,5.0,12650,Sports,North,Budget,1413,1.7,72585
23540.0,10829.0,,15219,Home Appliances,South,Budget,1135,2.26,102210
24783.0,10311.0,15.0,15566,Fashion,West,Mid-tier,1461,1.63,68815
,16857.0,30.0,9920,Electronics,East,Budget,1000,1.34,66567
,12797.0,,9843,Home Appliances,West,Budget,1000,2.87,85947
10818.0,,20.0,8359,FMCG,East,Budget,1000,1.38,43027
22539.0,11459.0,0.0,14445,Home Appliances,West,Premium,1000,3.37,120287
14483.0,15724.0,,17070,,East,Budget,1879,1.62,62645
9235.0,20213.0,,10897,Sports,West,Budget,1471,1.43,46753
21942.0,17344.0,,11154,Home Appliances,West,Budget,1476,1.62,74936
32464.0,,10.0,17133,Electronics,South,Premium,1859,2.48,116069
19969.0,16028.0,20.0,13769,Electronics,North,Mid-tier,1000,2.94,124764
24192.0,14037.0,,13526,Fashion,North,Premium,1419,3.0,119660
20409.0,15031.0,25.0,7831,Fashion,East,Premium,1000,2.56,94051
19505.0,13697.0,5.0,14375,Sports,West,Budget,1031,0.88,40953
24595.0,14342.0,5.0,8748,Fashion,West,Mid-tier,1000,2.06,77041
18548.0,15848.0,10.0,8030,Sports,North,Budget,1000,1.74,63146
21336.0,11026.0,10.0,10786,FMCG,East,Budget,1000,2.21,73498
21608.0,10936.0,10.0,9949,FMCG,South,Mid-tier,1000,1.33,56682
,,20.0,11224,Fashion,,Mid-tier,1000,1.93,68858
24960.0,8598.0,0.0,6956,FMCG,South,Premium,1000,2.08,57947
19125.0,10130.0,10.0,15355,Home Appliances,West,Mid-tier,1056,2.07,83045
16221.0,15637.0,25.0,15946,Home Appliances,East,Premium,1823,2.76,120804
22682.0,11428.0,0.0,5184,Home Appliances,North,Premium,1000,2.66,68082
15507.0,17054.0,30.0,15424,FMCG,,Budget,1000,0.97,53158
20140.0,15138.0,30.0,9163,Home Appliances,,Budget,1219,1.92,74193
19954.0,7125.0,0.0,14999,Sports,South,Budget,1000,1.7,45286
25429.0,17619.0,10.0,11760,Electronics,East,Mid-tier,1000,2.14,90798
22373.0,18243.0,10.0,12100,Fashion,East,Mid-tier,1000,2.01,91179
19874.0,11024.0,20.0,11352,,South,Premium,1272,0.5,33420
24088.0,16680.0,15.0,16242,Home Appliances,South,Premium,1000,2.95,134709
26951.0,11574.0,15.0,7661,Electronics,South,Premium,1000,1.95,70676
22789.0,15390.0,20.0,14127,Fashion,West,Mid-tier,1810,2.54,118770
20051.0,9942.0,5.0,15854,Sports,West,Premium,1000,3.23,121572
,7827.0,25.0,14507,Fashion,West,Premium,1000,1.57,60176
14674.0,13468.0,20.0,20136,FMCG,,Mid-tier,1766,2.52,110813
18473.0,14505.0,15.0,10148,Home Appliances,North,Budget,1821,1.19,50157
16952.0,13409.0,25.0,15350,Sports,East,Mid-tier,1330,2.23,93047
19065.0,10263.0,20.0,11628,Sports,South,Premium,1393,2.56,97623
20283.0,13400.0,,16316,Electronics,South,Budget,1000,1.95,78361
22648.0,,10.0,11973,Electronics,West,Mid-tier,1000,2.42,97276
19647.0,14820.0,15.0,10642,,North,Budget,1761,1.83,60061
22432.0,15730.0,0.0,16571,Fashion,South,Budget,1000,0.94,45461
20322.0,12319.0,30.0,10279,Home Appliances,East,Premium,1000,1.02,43316
10122.0,19686.0,,7055,Fashion,South,Mid-tier,1000,2.52,63352
15303.0,10295.0,20.0,10191,Home Appliances,West,Premium,1000,3.13,95596
19279.0,16950.0,15.0,14166,Sports,West,Mid-tier,1067,1.61,69224
13951.0,19727.0,0.0,16872,Fashion,North,Mid-tier,1000,2.17,91424
22999.0,16923.0,30.0,12388,Fashion,East,Mid-tier,1000,2.18,104838
27653.0,14189.0,25.0,16613,Fashion,East,Budget,1299,2.29,110350
,12886.0,15.0,7246,FMCG,South,Budget,1000,1.76,79418
18932.0,19144.0,5.0,10448,Home Appliances,East,Premium,1000,3.01,113374
27453.0,9308.0,5.0,10989,,South,Mid-tier,1099,1.74,54644
20743.0,11119.0,10.0,11599,,South,Mid-tier,1000,2.25,87018
18314.0,13409.0,10.0,12294,FMCG,North,Budget,1000,1.51,59885
16932.0,19950.0,15.0,14418,Fashion,East,Mid-tier,1000,1.82,83226
18487.0,16519.0,30.0,10443,Home Appliances,West,Premium,1364,1.15,52870
18059.0,11127.0,,12486,Sports,South,Mid-tier,1000,2.65,93006
20852.0,13758.0,25.0,11842,FMCG,South,Mid-tier,1000,3.23,116019
20802.0,12542.0,20.0,8759,FMCG,South,Budget,1371,1.15,44588
20015.0,12160.0,15.0,11602,Fashion,East,Mid-tier,1000,2.52,103894
22184.0,18915.0,25.0,11497,Sports,East,Premium,1121,3.14,133143
25953.0,9513.0,15.0,11422,Home Appliances,East,Premium,1729,2.25,86177
24747.0,21435.0,25.0,12111,Electronics,,Premium,1256,2.2,101209
12575.0,18312.0,10.0,12264,Home Appliances,,Premium,1980,3.26,114865
7230.0,19363.0,5.0,10486,Home Appliances,West,Budget,1511,2.08,59255
24671.0,13148.0,25.0,16454,Sports,East,Mid-tier,1000,2.5,119242
13165.0,14400.0,15.0,7906,FMCG,West,Budget,1000,1.5,49470
18876.0,9267.0,25.0,9476,,South,Premium,1000,3.44,102918
14149.0,12901.0,30.0,21729,,East,Mid-tier,1204,1.82,89183
10990.0,16974.0,0.0,8367,,East,Budget,1000,2.17,62502
22707.0,20184.0,15.0,7261,Sports,South,Mid-tier,1339,3.03,120486
23795.0,10571.0,10.0,14570,Fashion,East,Premium,1000,3.26,131046
17117.0,13537.0,15.0,4730,Electronics,South,Premium,1000,2.8,87680
7044.0,14394.0,20.0,11176,Sports,East,Mid-tier,1000,0.8,28437
17268.0,9416.0,10.0,19510,Sports,West,Mid-tier,1926,2.0,78390
21959.0,17365.0,15.0,6592,FMCG,East,Premium,1000,3.72,131794
12605.0,12104.0,20.0,5063,Sports,East,Budget,1000,2.17,51952
20916.0,14218.0,5.0,6752,Home Appliances,East,Premium,1000,2.73,81141
19923.0,13192.0,25.0,15144,Fashion,North,Mid-tier,1041,1.87,85613
22896.0,11842.0,15.0,15936,Fashion,West,Budget,1000,2.16,101705
20597.0,14971.0,30.0,10205,Home Appliances,South,Premium,1000,1.67,67647
15134.0,14137.0,10.0,14391,Sports,North,Mid-tier,1508,2.01,86388
25982.0,13512.0,,16865,Electronics,West,Mid-tier,1000,2.94,126942
19207.0,12086.0,15.0,18255,Sports,East,Mid-tier,1497,1.72,81319
19863.0,16278.0,,11137,Fashion,East,Budget,1000,1.84,68663
15333.0,21614.0,30.0,3944,Electronics,South,Budget,1000,1.03,47376
17783.0,15559.0,0.0,9126,FMCG,South,Budget,1103,1.34,41044
15575.0,18984.0,20.0,10506,FMCG,West,Budget,1123,1.84,74515
19135.0,9439.0,15.0,11093,Sports,,Mid-tier,1000,2.34,74442
28558.0,15631.0,10.0,11342,Sports,South,Mid-tier,1412,3.19,140274
13140.0,10610.0,0.0,15916,Electronics,West,Budget,1000,1.4,50741
11932.0,9092.0,15.0,16460,Electronics,South,Budget,1228,1.98,65281
27355.0,,15.0,11399,Sports,East,Mid-tier,1000,2.45,91207
18953.0,19767.0,10.0,15844,Fashion,South,Premium,1287,2.15,95835
16654.0,18800.0,30.0,13251,FMCG,North,Premium,1000,3.42,155860
25199.0,,10.0,12225,Electronics,South,Mid-tier,1821,2.45,104493
16971.0,8869.0,10.0,15172,Fashion,,Budget,1037,1.57,61558
29130.0,14214.0,15.0,12252,Sports,North,Budget,1403,1.8,76999
23389.0,16206.0,5.0,19202,Home Appliances,North,Mid-tier,1579,1.56,72061
17560.0,15702.0,30.0,6965,Electronics,North,Premium,1000,2.15,78051
30786.0,7624.0,10.0,10196,Home Appliances,North,Mid-tier,1044,2.09,71765
16971.0,11438.0,0.0,11557,Fashion,South,Mid-tier,1000,2.37,74161
23710.0,14743.0,,13538,FMCG,West,Mid-tier,1353,1.92,77055
21496.0,,15.0,16437,Fashion,,Budget,1000,1.45,74881
26508.0,6215.0,15.0,11914,FMCG,East,Budget,1000,1.62,61095
27807.0,14351.0,20.0,7022,Fashion,South,Budget,1534,2.12,92164
20160.0,15572.0,0.0,14948,Electronics,West,Premium,1418,1.59,54378
16232.0,18398.0,10.0,14642,Electronics,East,Mid-tier,1000,2.55,102138
22299.0,17771.0,25.0,5203,Home Appliances,South,Mid-tier,1848,2.54,93710
16611.0,17330.0,0.0,11986,Fashion,South,Premium,1000,1.59,59125
,11800.0,25.0,6434,Fashion,East,Budget,1000,1.69,67845
20682.0,7367.0,0.0,9673,Home Appliances,North,Mid-tier,1304,2.32,73465
18173.0,13427.0,25.0,8840,Sports,North,Premium,1387,1.41,54579
20923.0,19006.0,10.0,14832,Fashion,East,Budget,1000,1.25,53506
13264.0,20573.0,15.0,12408,Fashion,West,Budget,1237,1.07,45921
15141.0,17842.0,5.0,7500,Fashion,North,Mid-tier,1000,1.75,54992
26002.0,16717.0,0.0,15080,,South,Budget,1358,2.02,93416
16715.0,16518.0,5.0,6981,Electronics,South,Premium,1000,2.95,89635
14765.0,12775.0,5.0,13155,Home Appliances,West,Budget,1000,1.43,41083
22683.0,14479.0,10.0,9150,Sports,South,Mid-tier,1000,2.64,96564
25928.0,,15.0,10720,FMCG,North,Premium,1763,3.01,135444
23594.0,11229.0,15.0,13764,FMCG,West,Budget,1000,2.27,85439
24980.0,,20.0,13825,Sports,North,Budget,1953,1.72,89247
16216.0,13711.0,20.0,16679,Sports,West,Budget,1000,2.0,83991
12890.0,20301.0,15.0,11712,Electronics,East,Premium,1193,4.75,176088
27506.0,9372.0,10.0,13072,FMCG,South,Budget,1722,1.55,63767
18386.0,17343.0,15.0,10467,Home Appliances,West,Mid-tier,1000,2.12,79425
18745.0,12052.0,10.0,12636,Fashion,East,Premium,1103,2.42,86710
26640.0,9338.0,25.0,13538,Fashion,North,Premium,1195,2.64,107175
22781.0,15874.0,5.0,11655,Electronics,East,Budget,1000,1.87,77671
22279.0,19037.0,0.0,5686,Electronics,North,Premium,1049,2.43,83360
30825.0,11620.0,20.0,13160,FMCG,West,Mid-tier,1434,1.45,78100
16782.0,9003.0,5.0,13275,Home Appliances,West,Premium,1627,2.47,75514
24639.0,,25.0,9619,Home Appliances,South,Mid-tier,1000,1.95,84841
20285.0,14650.0,25.0,7504,Sports,South,Budget,1014,1.02,50240
21342.0,17193.0,0.0,17165,,West,Premium,1068,3.09,137664
27642.0,18798.0,5.0,13720,Fashion,North,Mid-tier,1291,1.78,83797
22539.0,14762.0,15.0,11198,Fashion,North,Budget,1000,1.88,78036
22691.0,22422.0,15.0,8020,FMCG,West,Mid-tier,1000,0.5,29824
25362.0,15896.0,10.0,9123,Fashion,North,Premium,1747,2.83,111525
18175.0,13614.0,20.0,16559,Home Appliances,West,Premium,1045,2.43,103251
15803.0,8553.0,15.0,12481,Home Appliances,South,Mid-tier,1000,1.31,49046
14775.0,13949.0,10.0,10072,Electronics,North,Budget,1000,1.45,48164
10168.0,13654.0,0.0,13783,FMCG,South,Budget,1339,1.33,35911
30281.0,18841.0,20.0,9149,Fashion,East,Budget,1561,2.09,108902
14483.0,16849.0,5.0,17252,Electronics,South,Budget,1079,1.68,73003
18893.0,,25.0,16734,Sports,East,Mid-tier,1867,1.39,58525
18615.0,15689.0,10.0,10366,Sports,South,Premium,1000,2.8,99096
21537.0,,15.0,9799,Fashion,South,Mid-tier,1000,1.04,42885
24078.0,21112.0,25.0,2836,Fashion,North,Premium,1000,1.94,76325
24302.0,18550.0,25.0,6814,Fashion,South,Premium,1000,2.71,115030
17084.0,,10.0,7311,Home Appliances,West,Mid-tier,1000,1.77,60048
19164.0,,,12473,Fashion,North,Mid-tier,1000,2.66,108304
21412.0,16553.0,20.0,10858,Sports,North,Budget,1555,1.83,68948
18756.0,19998.0,10.0,7291,Fashion,North,Premium,1000,2.91,105524
28036.0,9668.0,5.0,11015,FMCG,South,Budget,1089,1.91,63906
22454.0,13602.0,30.0,13768,Sports,North,Budget,1081,1.64,79013
23674.0,11909.0,5.0,13847,FMCG,East,Mid-tier,1385,1.5,61256
23314.0,16516.0,0.0,5351,Sports,East,Budget,1000,1.58,55929
25867.0,19920.0,0.0,11551,Electronics,South,Budget,1000,1.95,77597
20905.0,12612.0,15.0,7158,Sports,North,Budget,1000,1.62,57915
13515.0,5438.0,20.0,15156,Sports,West,Mid-tier,1000,2.53,75365
21998.0,13351.0,10.0,14744,FMCG,West,Budget,1302,1.67,69926
16743.0,,10.0,8856,FMCG,East,Budget,1221,1.03,37552
17356.0,17150.0,10.0,9318,Sports,South,Mid-tier,1440,1.33,43145
22931.0,16712.0,20.0,10385,Sports,South,Mid-tier,1000,3.06,128382
26191.0,13880.0,0.0,4115,Home Appliances,South,Mid-tier,1000,1.42,42517
20106.0,,30.0,13175,Electronics,South,Premium,1000,2.32,96190
21544.0,17061.0,5.0,11045,Electronics,,Mid-tier,1648,2.52,101958
28511.0,,30.0,15395,Fashion,North,Premium,1000,1.94,102592
21203.0,23736.0,5.0,8155,Sports,North,Mid-tier,1000,1.7,67727
33008.0,17282.0,20.0,9833,Sports,North,Mid-tier,1534,2.08,95916
22827.0,12677.0,5.0,6727,Sports,West,Mid-tier,1000,1.87,65800
11196.0,12554.0,0.0,8484,Sports,North,Premium,1000,1.82,46403
23766.0,14628.0,25.0,7863,Electronics,South,Budget,1000,1.71,77184
21905.0,14041.0,25.0,15485,FMCG,South,Mid-tier,1073,2.63,111504
26448.0,19467.0,10.0,9556,Home Appliances,West,Premium,1000,2.44,108586
23365.0,15745.0,20.0,12434,FMCG,West,Mid-tier,1000,1.84,81984
19307.0,12073.0,15.0,10667,FMCG,East,Budget,1000,2.13,75161
13878.0,22561.0,25.0,7556,Electronics,West,Premium,1000,3.85,141598
18954.0,15197.0,10.0,11410,Home Appliances,East,Mid-tier,1000,2.6,90346
15747.0,18075.0,15.0,14096,Sports,North,Mid-tier,1075,1.55,69584
17097.0,12567.0,15.0,7772,Electronics,South,Mid-tier,1000,1.56,49366
22942.0,16452.0,10.0,14831,Electronics,East,Budget,1550,1.86,83877
28349.0,16244.0,25.0,9025,Home Appliances,East,Premium,1000,2.82,132052
21973.0,7441.0,5.0,10309,Fashion,East,Mid-tier,1452,1.42,41697
14020.0,23061.0,,13857,Electronics,West,Mid-tier,2443,2.2,90462
22223.0,20162.0,15.0,9677,FMCG,West,Premium,1000,2.64,110167
25983.0,,20.0,12131,FMCG,West,Budget,1000,2.41,100704
16951.0,10590.0,5.0,10898,Sports,East,Budget,1000,1.46,43857
19329.0,16390.0,10.0,12452,Electronics,North,Budget,1000,2.26,92564
20073.0,15346.0,30.0,3667,Sports,South,Budget,1000,2.5,91532
16075.0,16422.0,5.0,5596,,West,Budget,1000,1.36,41861
23241.0,15766.0,20.0,14155,Home Appliances,North,Mid-tier,1315,2.39,111197
19395.0,17024.0,20.0,15630,Electronics,West,Mid-tier,1000,2.08,94332
22097.0,20789.0,10.0,8813,Fashion,West,Mid-tier,1000,1.97,80158
15562.0,17272.0,30.0,11145,FMCG,East,Premium,1000,2.93,113500
17812.0,10801.0,20.0,13031,Home Appliances,East,Budget,1848,1.41,51883
23611.0,20450.0,15.0,14426,,West,Premium,1000,1.55,83406
18135.0,21562.0,15.0,4903,Sports,South,Budget,1000,1.49,54253
,27608.0,20.0,8898,Home Appliances,,Budget,1333,2.28,122854
,10506.0,15.0,10835,Fashion,South,Premium,1000,2.45,76882
21123.0,15971.0,,14460,,North,Mid-tier,1605,2.24,102010
24662.0,6671.0,10.0,20744,Electronics,West,Premium,1000,3.02,128426
,17212.0,10.0,11201,Electronics,South,Mid-tier,1000,1.26,42126
11195.0,,5.0,7075,Electronics,North,Budget,1251,1.82,44517
12371.0,22693.0,0.0,13407,Home Appliances,,Mid-tier,1000,2.83,105179
26312.0,11901.0,0.0,16623,Fashion,East,Budget,1489,1.64,68711
17240.0,,25.0,12378,Fashion,North,Budget,1000,0.93,31098
32790.0,13114.0,20.0,8826,Fashion,East,Mid-tier,1000,2.16,93858
17178.0,,20.0,15352,FMCG,North,Budget,1000,2.03,76825
20922.0,18004.0,15.0,14322,Home Appliances,North,Mid-tier,1000,2.21,98672
27710.0,6739.0,25.0,8408,Electronics,,Premium,1243,2.88,96746
30030.0,15113.0,15.0,13334,FMCG,South,Budget,1204,1.89,86312
30307.0,6688.0,25.0,15490,Fashion,East,Budget,1431,1.38,72415
26041.0,13718.0,10.0,16136,Electronics,West,Premium,1689,2.01,91753
25120.0,21573.0,30.0,11767,Home Appliances,South,Budget,1449,1.67,92865
22962.0,16442.0,20.0,10746,Sports,North,Premium,1000,2.9,123949
23891.0,,10.0,16295,Fashion,East,Premium,1000,1.77,73371
17244.0,14875.0,15.0,7764,,East,Budget,1229,2.6,80647
15909.0,15072.0,,13535,Fashion,East,Premium,1000,1.02,46462
,,5.0,7204,Fashion,North,Premium,1208,1.41,44342
,9532.0,,15728,Electronics,,Premium,1000,2.94,106889
17733.0,17370.0,10.0,11096,,West,Budget,1000,1.88,72379
23481.0,4182.0,0.0,16440,FMCG,East,Premium,1163,2.36,78573
24776.0,12480.0,30.0,13719,Electronics,North,Mid-tier,1000,2.69,107138
20442.0,13046.0,15.0,7718,Home Appliances,South,Mid-tier,1000,2.46,76015
27387.0,17533.0,25.0,16986,FMCG,South,Premium,1265,2.7,145648
14291.0,15090.0,20.0,17429,Fashion,West,Mid-tier,1078,2.35,98979
19031.0,9377.0,10.0,15088,Home Appliances,East,Budget,1000,0.5,25668
16415.0,11060.0,15.0,9334,Fashion,North,Premium,1000,2.49,73356
10667.0,15794.0,20.0,10928,Home Appliances,South,Budget,1000,1.74,56550
19586.0,14683.0,30.0,12508,,North,Mid-tier,1000,3.4,141032
19391.0,12683.0,10.0,9537,Fashion,South,Mid-tier,1602,1.67,63675
27567.0,13076.0,25.0,17923,Fashion,East,Mid-tier,1000,2.23,108311
23154.0,17784.0,30.0,12505,Fashion,East,Mid-tier,1000,3.12,146782
14879.0,12929.0,20.0,2538,Electronics,West,Budget,1399,2.01,48876
29270.0,14647.0,30.0,13187,FMCG,South,Premium,1642,2.78,124764
26105.0,23679.0,10.0,10781,Fashion,North,Budget,1000,2.08,102526
22910.0,9305.0,30.0,11737,Fashion,South,Premium,1185,2.21,83096
18867.0,7592.0,20.0,10709,Electronics,North,Mid-tier,1135,3.15,92447
15202.0,,0.0,14824,,West,Mid-tier,1102,2.32,83318
18138.0,12285.0,30.0,15918,Sports,South,Mid-tier,1000,1.37,63264
25443.0,13727.0,15.0,12990,Home Appliances,East,Mid-tier,1000,1.82,70595
29422.0,11875.0,15.0,10812,Fashion,,Budget,1000,0.79,40550
27716.0,13960.0,15.0,11855,Home Appliances,East,Premium,1303,3.09,132567
17555.0,21394.0,,12068,Electronics,West,Premium,1000,2.81,116372
14401.0,18208.0,15.0,9191,Electronics,West,Mid-tier,1000,1.9,75181
20704.0,18448.0,,14026,Sports,North,Budget,1000,2.34,113787
11157.0,9335.0,0.0,13610,FMCG,South,Mid-tier,1000,1.96,49847
21615.0,10395.0,10.0,17391,Electronics,East,Premium,2275,4.17,169760
19261.0,3643.0,0.0,16393,Fashion,East,Premium,1000,1.68,57421
17669.0,11762.0,10.0,9600,Sports,North,Budget,1512,1.95,66799
12026.0,18826.0,20.0,14871,FMCG,North,Premium,1000,2.38,102773
22568.0,17067.0,20.0,8671,Sports,North,Budget,1720,1.46,61687
17336.0,14113.0,,14435,Electronics,West,Mid-tier,1000,2.2,91260
14150.0,14910.0,15.0,10191,,West,Mid-tier,1073,2.35,78178
5638.0,12244.0,10.0,8418,,East,Budget,1065,1.7,38319
19862.0,15819.0,30.0,12980,FMCG,South,Mid-tier,1738,2.69,121021
28861.0,18063.0,20.0,2639,,North,Budget,1000,2.03,80677
28306.0,8536.0,15.0,5871,Home Appliances,West,Mid-tier,1000,2.93,98598
17714.0,16198.0,20.0,11378,,South,Mid-tier,1000,1.54,56580
16988.0,18729.0,30.0,12288,Fashion,North,Premium,1287,1.69,75913
22343.0,13339.0,20.0,10707,Home Appliances,South,Premium,1000,2.6,95151
15008.0,17802.0,10.0,6471,Electronics,North,Budget,1000,1.35,36893
21508.0,26258.0,20.0,9137,FMCG,South,Mid-tier,1000,2.68,126901
23830.0,14582.0,,13369,FMCG,East,Mid-tier,1000,1.47,52343
26134.0,16573.0,10.0,14036,Fashion,North,Mid-tier,1346,1.81,80982
19499.0,12047.0,10.0,11943,Electronics,North,Premium,1304,2.31,77042
18981.0,15725.0,5.0,16048,Home Appliances,East,Budget,1585,2.36,95059
15610.0,16841.0,0.0,13390,FMCG,North,Budget,2086,2.44,91455
15865.0,15779.0,5.0,9383,FMCG,North,Budget,1583,1.17,34666
18867.0,10921.0,20.0,11018,FMCG,West,Mid-tier,1000,0.99,38569
21836.0,15825.0,25.0,7089,FMCG,East,Budget,1000,1.54,65790
24567.0,20848.0,30.0,11621,Sports,West,Premium,1021,2.73,136105
15984.0,16794.0,10.0,15892,Fashion,East,Premium,1000,2.49,100086
27463.0,18847.0,15.0,14398,Home Appliances,South,Budget,1291,1.68,86355
18644.0,14051.0,30.0,16907,Home Appliances,East,Mid-tier,1452,2.77,128011
19893.0,17999.0,,10939,Fashion,East,Premium,1230,2.21,79679
16263.0,16117.0,20.0,16711,Electronics,West,Premium,1802,2.78,115893
7878.0,11196.0,20.0,11323,Fashion,North,Mid-tier,1000,2.55,72015
24420.0,,0.0,17150,FMCG,East,Mid-tier,1000,2.11,96795
23684.0,11033.0,25.0,11923,FMCG,North,Budget,1000,2.1,86993
18593.0,,25.0,14475,Fashion,,Premium,1116,1.55,67911
20334.0,15757.0,0.0,17162,Fashion,West,Premium,1195,2.47,98470
22579.0,16188.0,0.0,11323,Home Appliances,East,Budget,1653,1.69,68346
12187.0,10243.0,0.0,12764,Home Appliances,South,Budget,1000,1.53,40866
17354.0,19215.0,10.0,16511,Sports,East,Premium,1013,2.14,94329
23971.0,17288.0,15.0,11534,Sports,East,Premium,1000,2.88,122849
13728.0,12181.0,15.0,7376,FMCG,,Mid-tier,1000,2.22,73562
21467.0,8849.0,,19500,Sports,North,Mid-tier,1139,2.07,83572
13217.0,14420.0,30.0,10355,Sports,South,Premium,1000,2.53,87097
22332.0,13216.0,10.0,12555,Electronics,East,Premium,1248,2.34,88521
19821.0,15452.0,0.0,16046,Fashion,North,Mid-tier,1266,1.62,70984
11924.0,13547.0,10.0,9870,Home Appliances,East,Budget,1000,1.48,46990
25823.0,6970.0,15.0,8472,Sports,West,Budget,1000,1.32,48261
16327.0,13446.0,10.0,12888,Home Appliances,West,Premium,1000,2.28,85149
15948.0,13777.0,10.0,5724,Sports,South,Premium,1000,2.75,82992
21002.0,17534.0,5.0,10992,Sports,West,Mid-tier,1684,2.47,92081
25743.0,12207.0,25.0,12857,FMCG,North,Premium,1651,2.67,116585
14920.0,21714.0,30.0,11055,Electronics,North,Budget,1000,1.8,88185
20308.0,7353.0,10.0,6597,Fashion,South,Mid-tier,1000,2.18,59691
22144.0,20244.0,10.0,17579,Fashion,East,Mid-tier,1000,2.62,124031
,14102.0,15.0,12362,FMCG,North,Budget,1000,1.62,63661
20882.0,18438.0,20.0,17009,FMCG,West,Budget,1000,1.96,99228
18164.0,15319.0,,11089,Fashion,,Mid-tier,2205,2.29,77810
15862.0,19558.0,30.0,8919,Fashion,South,Premium,1000,2.33,90340
20430.0,13450.0,15.0,12942,Electronics,West,Budget,1000,2.02,77831
14639.0,10605.0,15.0,11244,Sports,,Mid-tier,1000,1.04,38447
5393.0,20682.0,15.0,7877,Electronics,West,Premium,1000,3.26,100720
22182.0,14546.0,30.0,17144,Fashion,South,Premium,1000,1.94,92940
,15886.0,20.0,9822,Sports,South,Mid-tier,1395,2.12,82602
8185.0,19939.0,0.0,5559,Fashion,East,Budget,1000,1.93,55116
14951.0,10872.0,,16648,Electronics,East,Premium,1255,2.25,85625
23095.0,17381.0,15.0,10234,,East,Budget,1000,1.82,79029
30287.0,12640.0,10.0,9872,Electronics,South,Mid-tier,1544,2.54,103937
20103.0,14471.0,20.0,5821,Sports,West,Budget,1000,2.57,83822
16359.0,15289.0,25.0,18093,Home Appliances,West,Premium,1000,2.69,119583
19085.0,8999.0,20.0,7486,Home Appliances,North,Mid-tier,1000,2.3,70466
26874.0,11884.0,30.0,12204,Fashion,East,Premium,1040,2.79,116271
16770.0,20404.0,10.0,15194,Sports,West,Premium,1000,2.38,105902
16004.0,18544.0,25.0,13476,FMCG,West,Mid-tier,1434,1.49,69703
17586.0,14749.0,20.0,11791,Home Appliances,West,Mid-tier,1000,1.58,63389
15233.0,15972.0,10.0,6044,Sports,West,Budget,1000,1.67,56371
20613.0,13823.0,20.0,9165,Sports,South,Mid-tier,1000,2.39,87312
28123.0,20426.0,5.0,12657,Home Appliances,East,Budget,1647,2.16,104753
21615.0,14198.0,20.0,9244,Sports,West,Mid-tier,1000,2.08,74044
18738.0,15927.0,15.0,12711,Sports,West,Premium,1432,3.57,142560
18540.0,19584.0,10.0,14386,Home Appliances,West,Budget,1000,1.17,56368
12184.0,11890.0,20.0,15368,Electronics,West,Mid-tier,1000,2.32,95351
,21235.0,15.0,7708,Fashion,North,Budget,1000,1.61,78658
19610.0,8878.0,5.0,19688,FMCG,West,Budget,1000,1.1,49666
19097.0,21518.0,0.0,14686,Fashion,West,Budget,2014,0.92,37316
35965.0,13509.0,10.0,11994,Electronics,West,Premium,1000,2.25,100259
,14029.0,15.0,15813,Electronics,North,Mid-tier,1000,1.96,82008
16241.0,7439.0,25.0,20278,Sports,South,Mid-tier,1000,1.75,78019
17868.0,13180.0,30.0,6964,Fashion,North,Budget,1140,2.19,83305
25742.0,10840.0,15.0,11211,Electronics,West,Mid-tier,1123,1.93,69700
20566.0,12569.0,20.0,3675,Fashion,South,Premium,1000,1.99,57632
12808.0,,10.0,12674,Electronics,West,Budget,1396,1.58,55628
24596.0,18831.0,20.0,13278,FMCG,South,Premium,1000,2.22,100152
16659.0,15830.0,5.0,11862,Electronics,West,Premium,1444,3.47,120279
29366.0,16230.0,10.0,9709,Fashion,West,Mid-tier,1817,1.93,89210
25400.0,10617.0,15.0,4826,Sports,South,Mid-tier,1000,1.66,58425
17763.0,11476.0,0.0,13307,Fashion,South,Budget,1000,2.26,78994
26405.0,22194.0,20.0,17094,Home Appliances,West,Premium,1000,3.12,163164
20339.0,,,9931,Fashion,North,Mid-tier,1054,2.31,77181
24263.0,21624.0,10.0,13540,FMCG,North,Budget,1000,1.35,63941
22423.0,14027.0,10.0,6511,FMCG,North,Budget,1000,2.0,55798
15768.0,15009.0,25.0,13600,FMCG,North,Mid-tier,1353,1.43,64799
16782.0,19281.0,,10623,Electronics,South,Premium,1000,3.1,125613
25149.0,20087.0,10.0,9331,FMCG,South,Budget,2299,1.79,73351
18326.0,14556.0,10.0,9338,Fashion,North,Mid-tier,1000,2.62,91690
17981.0,13447.0,20.0,10622,Sports,East,Budget,1000,0.72,36090
15224.0,14776.0,15.0,13338,FMCG,East,Mid-tier,1071,1.66,58656
22117.0,16351.0,5.0,7407,Fashion,East,Budget,1011,1.23,42028
30312.0,18565.0,10.0,10610,Electronics,West,Premium,1121,1.82,81915
14662.0,15016.0,25.0,11854,Electronics,North,Budget,1000,1.99,82210
20121.0,17475.0,20.0,8153,Sports,West,Mid-tier,2542,2.04,83360
27061.0,,30.0,18288,Sports,South,Mid-tier,2182,1.8,110990
19601.0,16525.0,20.0,9012,Fashion,South,Mid-tier,1330,1.59,61357
22261.0,16246.0,30.0,9656,Sports,East,Premium,1000,2.1,97336
14688.0,8924.0,,8575,Sports,East,Mid-tier,1000,2.49,64572
22141.0,4477.0,20.0,18294,Electronics,South,Mid-tier,1194,2.16,88542
19064.0,16553.0,0.0,13935,Fashion,East,Premium,1382,2.9,120595
24928.0,14620.0,20.0,8721,Sports,East,Mid-tier,1580,3.67,142983
25936.0,12940.0,15.0,15871,Fashion,South,Mid-tier,1000,2.14,96341
32947.0,15974.0,10.0,12702,FMCG,West,Premium,1170,1.63,76144
22898.0,14758.0,25.0,12900,Electronics,East,Budget,1000,1.74,70662
21628.0,19511.0,25.0,10794,Electronics,West,Mid-tier,1719,3.31,134899
20971.0,15344.0,0.0,9377,Electronics,East,Budget,1259,2.03,73938
18234.0,12012.0,15.0,13182,Home Appliances,North,Premium,1000,2.16,70594
21692.0,18960.0,10.0,10092,Fashion,West,Mid-tier,1136,1.94,84326
18522.0,,10.0,18358,FMCG,West,Mid-tier,1064,2.51,111241
20842.0,17106.0,25.0,7557,Sports,East,Premium,1000,3.02,110218
26587.0,13090.0,10.0,17376,FMCG,West,Mid-tier,1586,2.51,115958
14967.0,12400.0,30.0,11610,Fashion,North,Budget,1000,1.73,70666
25699.0,15336.0,5.0,13046,Electronics,South,Budget,1000,1.8,76256
26585.0,15051.0,20.0,14916,Home Appliances,,Premium,1000,2.44,120789
19409.0,16919.0,20.0,9794,Fashion,South,Mid-tier,1359,2.97,106790
9390.0,13925.0,10.0,15024,Fashion,North,Mid-tier,1000,1.3,48818
16960.0,7654.0,10.0,2523,Sports,North,Premium,1000,1.56,31327
26484.0,13268.0,25.0,9480,FMCG,West,Budget,1000,1.48,57011
19885.0,18175.0,20.0,8765,FMCG,,Budget,1000,1.46,55698
15003.0,13810.0,10.0,7612,Sports,East,Premium,1000,1.56,45484
17476.0,14014.0,15.0,11247,Home Appliances,East,Mid-tier,1000,1.23,48228
24203.0,18945.0,0.0,13350,Electronics,East,Budget,1000,2.03,82730
22733.0,12152.0,5.0,14459,Electronics,East,Mid-tier,1033,1.96,74265
18805.0,,15.0,12843,Home Appliances,West,Budget,1000,1.62,55911
18165.0,14357.0,0.0,9670,Sports,East,Mid-tier,1557,2.03,60615
18041.0,13063.0,25.0,13291,Fashion,North,Budget,1416,2.52,96747
15387.0,11135.0,20.0,12434,FMCG,East,Mid-tier,1365,2.26,82087
28076.0,14298.0,30.0,15276,Fashion,West,Premium,1000,2.68,140129
18388.0,16966.0,20.0,14719,FMCG,South,Budget,1000,1.48,69221
26085.0,14962.0,,12106,Fashion,North,Premium,1003,3.17,141727
27606.0,16227.0,15.0,8859,,North,Budget,1313,1.69,72093
24991.0,22253.0,15.0,9714,Sports,West,Budget,1598,2.43,108868
17841.0,13628.0,30.0,10075,Home Appliances,South,Budget,1476,1.77,73833
22018.0,16113.0,15.0,10896,Fashion,East,Mid-tier,1000,2.69,112001
19879.0,12963.0,0.0,12938,Fashion,South,Budget,1000,1.32,40547
15481.0,11614.0,20.0,14503,Home Appliances,North,Premium,1000,2.16,86792
21621.0,12660.0,30.0,11821,Home Appliances,North,Mid-tier,1324,1.25,66766
14104.0,13084.0,20.0,12056,Sports,North,Mid-tier,1205,2.64,86674
25938.0,16437.0,15.0,12501,Sports,South,Budget,1322,1.7,82315
17676.0,24396.0,20.0,10194,Fashion,East,Mid-tier,1000,2.55,121057
21005.0,12135.0,,8761,Sports,North,Budget,1000,2.62,99998
21416.0,13333.0,0.0,5855,Sports,West,Premium,1000,1.89,54693
18705.0,14747.0,20.0,9566,Fashion,East,Mid-tier,1000,1.65,67701
22933.0,16583.0,10.0,13656,Home Appliances,North,Mid-tier,1000,1.69,69559
17625.0,16054.0,15.0,9539,Fashion,East,Premium,1000,1.22,46253
24356.0,20136.0,,11167,Electronics,West,Premium,1286,2.46,106694
13270.0,5294.0,5.0,13632,,South,Budget,1000,2.0,47489
20631.0,5452.0,5.0,13822,Electronics,North,Mid-tier,1000,2.08,66130
29694.0,13016.0,15.0,8221,Fashion,West,Premium,1000,1.57,66131
14998.0,19389.0,5.0,15489,Electronics,North,Mid-tier,1000,1.87,80495
16611.0,,10.0,15945,Electronics,North,Premium,1566,2.6,68116
22569.0,3000.0,25.0,8045,Fashion,South,Mid-tier,1000,2.79,80371
20897.0,17284.0,10.0,9116,Sports,South,Premium,1349,3.02,112616
21753.0,15974.0,15.0,16168,FMCG,East,Mid-tier,1177,1.96,84547
,10639.0,30.0,11486,Sports,West,Budget,1000,1.68,69007
23173.0,11057.0,5.0,4230,Electronics,,Mid-tier,1000,2.35,69798
25548.0,,10.0,7101,Fashion,South,Budget,1000,1.43,50310
22049.0,15442.0,15.0,11127,Fashion,North,Budget,1000,2.09,84055
18793.0,12494.0,20.0,7929,Fashion,East,Budget,1515,1.47,57391
23362.0,16976.0,30.0,10553,Fashion,South,Mid-tier,1105,3.19,148350
,3581.0,30.0,12113,FMCG,East,Mid-tier,1463,2.44,93367
19336.0,11572.0,20.0,17117,Home Appliances,East,Budget,1527,0.9,45328
15127.0,10495.0,5.0,10983,Electronics,West,Premium,1000,2.85,79253
,13974.0,0.0,15753,FMCG,East,Mid-tier,1091,2.13,100617
19398.0,,,17000,Sports,West,Mid-tier,1835,2.36,93961
9136.0,18191.0,5.0,17020,Home Appliances,North,Mid-tier,1238,3.2,112188
24237.0,7562.0,20.0,12996,Home Appliances,North,Mid-tier,1106,2.06,82177
17323.0,15181.0,20.0,5128,Fashion,South,Budget,1211,1.08,31745
19547.0,17233.0,0.0,13612,FMCG,North,Premium,1266,3.16,130139
21659.0,22426.0,25.0,15669,Sports,West,Premium,1502,1.5,85300
20952.0,13072.0,5.0,11716,Fashion,,Premium,1057,2.0,66886
23547.0,16297.0,10.0,18106,Fashion,East,Premium,1000,2.55,123640
17822.0,7784.0,20.0,15009,Electronics,North,Budget,1000,1.36,51901
22565.0,5432.0,10.0,13988,Home Appliances,West,Mid-tier,1000,2.07,73002
18702.0,,10.0,15802,Sports,East,Mid-tier,1000,2.03,83244
23694.0,,0.0,13166,Home Appliances,North,Budget,1246,2.21,80453
23076.0,19714.0,,3275,FMCG,West,Mid-tier,1033,0.83,33843
15322.0,9506.0,,10253,Electronics,West,Budget,1016,1.8,68070
25429.0,,30.0,16190,Fashion,East,Premium,1109,2.12,107622
17320.0,22475.0,10.0,9173,Electronics,South,Budget,2379,1.44,55602
24040.0,16678.0,10.0,11217,Fashion,South,Mid-tier,2045,2.46,99094
21836.0,16106.0,,8343,Electronics,West,Mid-tier,1000,2.48,88690
29190.0,15034.0,30.0,18243,Fashion,West,Mid-tier,1557,2.5,137090
18882.0,8716.0,10.0,17885,Home Appliances,North,Premium,1389,1.73,72028
18253.0,20422.0,10.0,8906,Home Appliances,West,Budget,1000,2.18,86253
19902.0,12556.0,20.0,12515,Home Appliances,North,Budget,1000,1.37,56580
18484.0,17017.0,15.0,9618,Home Appliances,North,Mid-tier,1174,2.9,101747
23999.0,8747.0,5.0,14152,Electronics,North,Budget,1000,1.37,61653
11918.0,10282.0,15.0,13783,Fashion,West,Mid-tier,1000,2.7,82065
14731.0,20740.0,5.0,14840,Home Appliances,,Budget,1099,1.68,65820
14660.0,13610.0,15.0,13161,Electronics,North,Premium,1202,1.5,47819
24751.0,20813.0,15.0,22273,Fashion,East,Premium,2159,2.35,126801
28553.0,14687.0,25.0,8402,Electronics,West,Budget,1379,2.57,109920
19477.0,7632.0,15.0,6012,Home Appliances,South,Premium,1214,3.11,79427
19155.0,18568.0,10.0,10624,FMCG,East,Premium,1000,2.25,83716
20350.0,12640.0,5.0,6512,Electronics,South,Premium,1785,3.26,92562
25809.0,17794.0,25.0,6776,Home Appliances,West,Mid-tier,1146,2.41,97838
15363.0,15100.0,,8495,Sports,East,Budget,1000,2.31,68108
21191.0,8827.0,10.0,8772,Fashion,West,Budget,1000,1.65,59026
24875.0,15657.0,5.0,8658,Home Appliances,West,Mid-tier,1000,1.9,69264
22505.0,,20.0,13813,Sports,East,Mid-tier,1303,2.74,137876
20947.0,16971.0,15.0,10228,Electronics,West,Premium,1118,2.74,107554
25005.0,14769.0,10.0,11371,Electronics,East,Budget,1000,1.91,78568
6483.0,19301.0,10.0,15129,,West,Mid-tier,1000,1.65,59909
23389.0,15842.0,25.0,9317,Sports,North,Premium,1000,3.49,135878
16729.0,15838.0,15.0,11074,Fashion,South,Budget,1000,2.14,83090
,10633.0,20.0,13280,Electronics,North,Premium,1000,3.53,111037
22556.0,15935.0,25.0,5204,Sports,West,Budget,1000,1.19,46116
26868.0,19141.0,30.0,3652,FMCG,West,Premium,1000,1.96,69391
19312.0,11655.0,10.0,13211,FMCG,West,Budget,1116,1.37,48588
24764.0,20697.0,30.0,13722,Sports,North,Budget,1743,1.73,86284
28061.0,14633.0,0.0,19224,Fashion,West,Budget,1554,1.07,46343
,11448.0,10.0,12553,Electronics,East,Budget,1462,1.95,71732
28199.0,18990.0,,14869,,South,Premium,1678,2.4,131248
23710.0,13852.0,10.0,11315,Sports,West,Mid-tier,1000,2.76,111823
20377.0,18038.0,10.0,13040,Sports,West,Budget,1000,2.56,110475
11990.0,13832.0,10.0,17835,Home Appliances,South,Budget,1805,1.43,54965
18769.0,14760.0,15.0,4566,,South,Budget,1000,1.39,42586
15783.0,16974.0,10.0,13447,Fashion,South,Budget,1882,1.99,70298
30854.0,16163.0,20.0,19474,FMCG,North,Premium,1101,2.7,152255
19120.0,7017.0,25.0,12987,Home Appliances,North,Mid-tier,1000,2.46,90762
20616.0,10515.0,20.0,17777,FMCG,West,Mid-tier,1000,2.93,125485
22757.0,18717.0,5.0,9797,FMCG,South,Mid-tier,1452,1.91,70380
20218.0,14471.0,30.0,11887,,West,Premium,1764,2.02,85383
28475.0,12905.0,10.0,12117,Sports,West,Mid-tier,1000,1.45,61874
16886.0,9565.0,5.0,4238,Fashion,West,Premium,1007,2.35,45440
20973.0,10681.0,0.0,7911,Sports,North,Premium,1212,2.19,70709
16287.0,6912.0,15.0,8160,Home Appliances,South,Budget,1256,2.09,49825
13399.0,14594.0,5.0,14877,Fashion,West,Premium,1000,3.32,113325
16941.0,12606.0,5.0,15052,Fashion,North,Mid-tier,1733,2.76,91132
19814.0,11133.0,10.0,13134,Electronics,East,Mid-tier,1093,1.73,62746
17853.0,14727.0,,14884,Fashion,East,Mid-tier,1195,1.68,66489
16537.0,16455.0,15.0,11425,Electronics,West,Budget,1430,0.94,44850
12968.0,23372.0,25.0,16206,Sports,West,Budget,1000,1.8,84655
19584.0,,20.0,12030,Sports,South,Budget,1300,2.15,71079
12476.0,19637.0,,12202,Sports,South,Premium,2126,2.07,78845
23800.0,18892.0,5.0,11070,Electronics,West,Mid-tier,1000,1.29,44379
20412.0,11883.0,30.0,14395,Sports,North,Premium,1000,4.06,168469
12712.0,15812.0,0.0,10525,FMCG,West,Premium,1000,1.98,54287
18453.0,13169.0,25.0,15417,Fashion,South,Mid-tier,1128,2.19,102552
16239.0,15742.0,5.0,8037,Electronics,South,Budget,1027,1.45,42546
21595.0,21036.0,30.0,8153,Sports,North,Mid-tier,1000,1.53,66039
26702.0,17422.0,10.0,14405,FMCG,West,Premium,1182,3.09,144923
10624.0,17034.0,,11690,,South,Premium,1708,1.42,52571
20575.0,13278.0,20.0,10411,Fashion,West,Budget,1080,2.25,88009
19199.0,9063.0,15.0,15115,Sports,South,Premium,1041,2.75,101286
23356.0,14166.0,10.0,9874,FMCG,East,Premium,1000,2.35,98994
21065.0,19826.0,15.0,11299,Electronics,East,Mid-tier,1731,2.01,80932
16240.0,8891.0,,16897,,East,Budget,1000,1.96,82962
18404.0,10779.0,0.0,17386,,,Mid-tier,1000,1.68,54153
16019.0,15505.0,,17503,Fashion,North,Mid-tier,1223,2.09,90790
25380.0,11061.0,15.0,11012,Fashion,East,Mid-tier,1267,1.67,67954
20106.0,,5.0,16307,Sports,South,Premium,1000,1.14,53320
29505.0,13305.0,20.0,8678,Home Appliances,West,Premium,1000,3.05,127288
19696.0,9537.0,5.0,8825,Home Appliances,East,Budget,1000,2.64,66248
16457.0,11103.0,10.0,3773,Home Appliances,North,Premium,1000,2.88,68123
12431.0,,,17855,FMCG,North,Budget,1000,1.62,60351
10984.0,9770.0,15.0,8976,Sports,,Mid-tier,1000,1.94,60257
12079.0,8608.0,5.0,11557,Fashion,West,Mid-tier,1000,1.86,54361
21335.0,12479.0,0.0,8813,FMCG,West,Premium,1000,2.16,69074
22543.0,,0.0,14433,Home Appliances,North,Premium,1000,2.52,104511
12094.0,14212.0,30.0,10685,Electronics,North,Budget,1496,0.74,38874
24475.0,13141.0,5.0,7433,FMCG,North,Premium,1150,0.89,26603
17584.0,15177.0,20.0,13545,FMCG,West,Premium,1279,2.94,117867
20733.0,8017.0,0.0,6981,Sports,West,Premium,1000,2.28,58303
28061.0,16978.0,5.0,9069,FMCG,South,Mid-tier,1604,1.54,59418
24484.0,16533.0,15.0,4625,Sports,East,Premium,1000,1.93,73670
18657.0,13362.0,15.0,7016,Electronics,West,Premium,1187,2.22,81096
15544.0,19023.0,30.0,12624,Fashion,North,Mid-tier,1317,2.06,84408
9240.0,10490.0,30.0,5124,Fashion,East,Mid-tier,1000,3.12,79162
16404.0,19511.0,20.0,6815,Home Appliances,West,Mid-tier,1000,1.61,57961
18944.0,,15.0,11991,Home Appliances,East,Mid-tier,1011,2.56,102225
15064.0,13653.0,,10097,Electronics,South,Premium,1000,2.96,93410
19343.0,14920.0,10.0,18972,Fashion,West,Premium,1974,2.39,105029
20384.0,14570.0,30.0,18418,Home Appliances,North,Premium,1130,3.29,153091
18875.0,19881.0,15.0,8962,FMCG,North,Budget,1517,1.91,83431
,10693.0,15.0,13949,Sports,South,Mid-tier,1000,1.47,55051
,11949.0,5.0,14622,Home Appliances,South,Premium,1000,2.1,77669
22209.0,19145.0,0.0,9908,Electronics,South,Premium,1252,2.63,101076
14548.0,12617.0,30.0,6765,Fashion,South,Premium,1000,2.35,84546
27054.0,18602.0,10.0,11956,Electronics,South,Mid-tier,1000,2.42,112061
19507.0,21797.0,10.0,11395,Sports,West,Mid-tier,1563,2.71,111817
20094.0,13392.0,5.0,10474,Sports,West,Mid-tier,1000,2.04,77681
23541.0,17725.0,25.0,13548,Electronics,East,Premium,1004,2.29,109289
21166.0,10385.0,0.0,9372,Home Appliances,South,Mid-tier,1000,1.64,45514
24765.0,18018.0,25.0,7968,Home Appliances,North,Premium,1673,2.45,105864
21435.0,15797.0,5.0,12381,Fashion,North,Budget,1538,1.46,57130
16937.0,16892.0,25.0,13350,Fashion,South,Mid-tier,1911,2.74,96896
21807.0,12417.0,,7881,FMCG,South,Mid-tier,1095,1.88,69667
14281.0,8355.0,5.0,15248,FMCG,South,Premium,1729,2.35,68860
20542.0,17013.0,15.0,5803,Fashion,South,Mid-tier,1000,2.57,82678
19833.0,6746.0,10.0,9976,FMCG,South,Mid-tier,1000,1.93,47834
18959.0,13730.0,5.0,11096,Electronics,North,Premium,1000,2.19,76305
19357.0,18764.0,25.0,9773,Home Appliances,East,Premium,1000,3.29,131449
10590.0,15767.0,10.0,10022,FMCG,South,Premium,1000,3.25,103988
17256.0,22793.0,10.0,18548,FMCG,South,Budget,1000,1.7,80962
20464.0,19100.0,5.0,9021,Electronics,South,Premium,1000,3.48,127443
20799.0,12384.0,10.0,20544,Sports,West,Mid-tier,1385,2.19,108789
14861.0,15109.0,25.0,13529,Fashion,North,Budget,1000,2.19,78405
26328.0,14810.0,10.0,12322,Electronics,North,Premium,1000,3.75,161024
15669.0,8671.0,30.0,13666,Sports,East,Budget,1000,1.55,57633
24847.0,11238.0,30.0,20854,Electronics,West,Budget,1000,1.6,102188
22135.0,,,8522,Home Appliances,West,Mid-tier,1000,2.46,84844
,6855.0,5.0,8078,Electronics,West,Budget,1000,1.57,36547
28876.0,15189.0,25.0,9357,Electronics,East,Premium,1000,2.06,85722
14031.0,14003.0,10.0,12112,Home Appliances,,Budget,1000,1.53,55706
24595.0,8308.0,0.0,5959,Fashion,East,Budget,1000,1.03,18747
25002.0,16616.0,10.0,12078,Sports,West,Mid-tier,1000,2.11,93748
16646.0,17863.0,15.0,17927,,North,Mid-tier,1000,2.24,94974
26962.0,,20.0,12529,Fashion,West,Premium,1000,3.36,144205
18749.0,13703.0,5.0,10975,Electronics,East,Mid-tier,1232,2.66,76602
21443.0,17365.0,5.0,9836,FMCG,West,Premium,1000,2.26,86035
21301.0,17720.0,30.0,15144,Home Appliances,South,Premium,1140,4.21,193826
19328.0,16229.0,20.0,9109,Fashion,West,Mid-tier,1000,1.61,64362
24054.0,11701.0,15.0,18462,Sports,West,Budget,1000,1.12,46129
,16106.0,20.0,18766,Fashion,North,Mid-tier,1000,1.52,86995
11257.0,19781.0,10.0,12898,Fashion,North,Budget,1049,1.19,46340
26521.0,12613.0,20.0,11959,FMCG,North,Budget,1474,2.09,86869
11687.0,23391.0,10.0,15607,Home Appliances,South,Premium,1273,3.58,156979
25162.0,12897.0,5.0,15831,Home Appliances,North,Premium,1500,3.52,145480
25633.0,15129.0,20.0,9179,Fashion,South,Mid-tier,1000,1.16,54862
14545.0,12310.0,10.0,10157,Home Appliances,East,Budget,1000,2.04,59708
,15893.0,30.0,7371,FMCG,North,Mid-tier,1000,3.18,117136
14471.0,8031.0,10.0,13431,FMCG,West,Premium,1128,3.15,98814
18925.0,12815.0,30.0,14333,Sports,West,Budget,1000,1.55,68394
18459.0,,30.0,7275,Home Appliances,South,Mid-tier,1241,2.4,80131
23898.0,15541.0,5.0,10406,Sports,North,Mid-tier,1000,1.56,60462
26551.0,18977.0,,7284,Electronics,West,Premium,1874,3.13,129686
26978.0,17584.0,10.0,8854,FMCG,East,Premium,1000,1.6,61553
17189.0,5513.0,30.0,13928,Fashion,North,Premium,1000,3.23,102395
18953.0,23168.0,15.0,9432,FMCG,,Premium,1100,2.12,89052
11582.0,16181.0,20.0,10947,Electronics,West,Mid-tier,1000,2.4,84356
15970.0,11894.0,15.0,6304,Fashion,North,Premium,1000,2.42,64466
24824.0,15628.0,5.0,12654,Home Appliances,South,Premium,1000,2.24,92223
28077.0,15704.0,5.0,11845,Home Appliances,West,Mid-tier,1179,2.54,95645
,12332.0,10.0,9448,FMCG,East,Mid-tier,1000,2.9,85127
17037.0,15791.0,20.0,11338,Fashion,North,Budget,1000,1.38,57553
19867.0,12570.0,,12631,Fashion,East,Mid-tier,1000,2.25,89472
21400.0,13382.0,20.0,9147,Sports,East,Budget,1300,1.28,59026
15951.0,12254.0,10.0,6833,Electronics,South,Premium,1000,2.23,66863
22120.0,9269.0,15.0,18319,Home Appliances,South,Budget,1437,1.41,71388
17630.0,15583.0,0.0,9783,FMCG,West,Budget,1000,1.1,35844
,17341.0,25.0,11661,Fashion,South,Premium,1000,3.41,140762
22731.0,17059.0,30.0,15537,Home Appliances,South,Premium,1577,2.83,140285
20032.0,18279.0,10.0,24351,,West,Premium,1000,2.18,115410
17818.0,,0.0,7644,Home Appliances,West,Budget,1000,1.58,47811
19451.0,12869.0,5.0,13574,FMCG,West,Mid-tier,1324,2.66,104020
19558.0,18358.0,20.0,9523,Home Appliances,West,Mid-tier,1636,2.77,113015
,9569.0,15.0,10114,Sports,East,Mid-tier,1000,2.45,81018
18706.0,11397.0,,9479,Electronics,East,Premium,1000,2.2,71230
27993.0,11143.0,10.0,8060,Home Appliances,West,Premium,1000,2.6,97359
22804.0,19320.0,20.0,11855,Electronics,West,Mid-tier,2074,1.6,76000
18522.0,18771.0,20.0,6839,Home Appliances,North,Premium,1000,2.58,90192
23484.0,16949.0,10.0,15313,Fashion,North,Budget,1383,2.09,98311
18330.0,19287.0,15.0,12192,Sports,North,Budget,1087,2.22,87250
25865.0,11482.0,5.0,13478,Sports,South,Premium,1000,2.06,69299
21848.0,16394.0,15.0,10368,Electronics,East,Mid-tier,1000,2.6,93525
19463.0,,25.0,10714,Fashion,East,Mid-tier,1000,2.6,99733
22238.0,18387.0,10.0,13006,FMCG,North,Budget,1227,1.58,77536
12145.0,14539.0,25.0,7925,Sports,North,Premium,1000,3.2,100063
14366.0,13460.0,15.0,10747,Fashion,East,Mid-tier,1000,2.81,91640
14030.0,17163.0,5.0,8991,Fashion,South,Mid-tier,1112,2.49,86509
20714.0,18504.0,15.0,8883,Electronics,North,Premium,1000,1.9,78684
28662.0,12326.0,15.0,4615,Fashion,West,Premium,1000,2.4,88657
31156.0,14755.0,10.0,16687,Fashion,North,Mid-tier,1000,2.31,118851
23190.0,10766.0,5.0,9597,FMCG,East,Premium,1171,1.97,64082
22504.0,5007.0,,16071,Electronics,East,Premium,1000,3.5,121424
10994.0,15801.0,0.0,15740,Electronics,North,Premium,1000,2.59,86360
17286.0,17435.0,0.0,7499,Fashion,North,Mid-tier,1000,1.77,60576
16061.0,16048.0,10.0,8190,FMCG,West,Budget,1000,1.46,43733
16895.0,7201.0,10.0,20961,Home Appliances,West,Premium,1217,2.08,77315
19159.0,13596.0,30.0,18128,Sports,South,Mid-tier,1000,2.71,124240
17639.0,6126.0,10.0,11889,Electronics,South,Budget,1000,2.03,61022
10103.0,20478.0,20.0,12900,,West,Mid-tier,1000,1.83,77788
23739.0,10655.0,15.0,9792,FMCG,,Mid-tier,1000,2.94,103010
,20021.0,20.0,13513,Fashion,,Mid-tier,1000,1.99,84314
21196.0,18783.0,10.0,9489,Sports,North,Budget,1117,1.35,58706
30370.0,11397.0,30.0,4886,Electronics,West,Mid-tier,1205,2.57,102537
15403.0,10468.0,15.0,7374,Home Appliances,North,Budget,1000,1.2,29094
7348.0,16401.0,25.0,12073,Fashion,North,Premium,1000,1.78,70500
,11622.0,10.0,8041,Electronics,South,Budget,1000,1.28,39811
25504.0,15409.0,5.0,11764,Electronics,North,Mid-tier,1652,1.65,75396
29791.0,13068.0,20.0,8238,FMCG,East,Budget,1085,2.09,83169
13852.0,7875.0,0.0,9261,Sports,South,Mid-tier,1000,1.35,27301
22483.0,6078.0,15.0,14986,Home Appliances,East,Premium,1420,2.82,104684
17673.0,15906.0,5.0,12866,Sports,South,Budget,1361,1.99,85003
19470.0,12753.0,,11966,FMCG,North,Premium,1000,3.51,118266
33221.0,12787.0,30.0,15076,Home Appliances,South,Budget,1417,1.61,92196
12485.0,17783.0,15.0,13682,Home Appliances,East,Mid-tier,1167,1.93,78559
21268.0,19693.0,25.0,17062,Fashion,South,Budget,1000,2.72,136148
22338.0,13909.0,15.0,10390,Home Appliances,East,Premium,1000,3.45,138442
25428.0,13637.0,15.0,10496,,West,Budget,1087,1.6,56665
20489.0,17000.0,30.0,7446,Sports,North,Premium,1000,3.55,138961
21540.0,9572.0,25.0,10498,Sports,East,Premium,1478,2.87,106473
18041.0,15892.0,20.0,15376,Fashion,West,Mid-tier,1000,2.21,101951
21345.0,17207.0,10.0,16549,Home Appliances,North,Budget,1457,2.72,127777
18284.0,17720.0,15.0,15361,,West,Premium,1000,3.27,141270
23107.0,7252.0,5.0,5720,Electronics,East,Mid-tier,1000,3.02,77568
18151.0,11954.0,10.0,15791,Fashion,North,Mid-tier,1000,1.54,57851
21885.0,11486.0,15.0,5565,,West,Mid-tier,1000,3.12,97337
19853.0,15399.0,25.0,15143,FMCG,East,Premium,1000,2.59,114626
25630.0,16922.0,25.0,10712,Home Appliances,West,Budget,1088,1.72,79760
19743.0,20986.0,10.0,14458,Fashion,North,Premium,1667,2.77,121412
11134.0,13020.0,0.0,7336,FMCG,North,Mid-tier,1000,2.26,53088
26309.0,13009.0,25.0,16099,FMCG,North,Premium,1395,3.41,160695
15471.0,19598.0,5.0,6872,FMCG,East,Premium,1000,3.0,98202
16731.0,16186.0,15.0,9660,FMCG,West,Mid-tier,1157,1.8,72276
17021.0,20070.0,0.0,8506,Home Appliances,West,Budget,1000,1.2,35014
26872.0,16154.0,10.0,5860,FMCG,East,Mid-tier,1000,2.0,77902
9321.0,10371.0,30.0,12330,Home Appliances,North,Mid-tier,1000,2.29,70065
35688.0,9667.0,5.0,18321,FMCG,South,Premium,1000,2.51,127918
25280.0,,10.0,21334,FMCG,,Mid-tier,1275,2.82,133851
21116.0,17648.0,10.0,12340,Fashion,South,Premium,1270,2.64,101098
19725.0,19754.0,30.0,15908,Home Appliances,North,Mid-tier,1000,3.82,177363
21427.0,22397.0,25.0,12812,Home Appliances,East,Mid-tier,1549,3.06,142404
22605.0,18372.0,5.0,13746,Sports,South,Budget,1000,1.52,72513
23226.0,19651.0,0.0,10802,Fashion,East,Mid-tier,1000,1.11,42030
22778.0,12679.0,15.0,12682,Home Appliances,South,Budget,1000,2.75,111193
20447.0,10374.0,10.0,13881,Fashion,West,Mid-tier,1022,1.95,68929
19013.0,18400.0,20.0,9975,Fashion,South,Mid-tier,1000,2.71,113248
19243.0,16670.0,0.0,11728,Fashion,South,Mid-tier,1000,1.67,66882
19025.0,15429.0,5.0,11795,Electronics,South,Budget,1000,2.3,92463
25668.0,,20.0,14892,Home Appliances,West,Premium,1185,3.2,148428
22967.0,16292.0,5.0,8268,Fashion,East,Budget,1000,1.19,44414
5298.0,20135.0,25.0,11819,Electronics,West,Mid-tier,1000,1.15,47588
23279.0,20179.0,0.0,18692,Electronics,South,Premium,1271,2.51,122786
20973.0,17176.0,5.0,16074,FMCG,North,Mid-tier,1498,2.3,98094
19906.0,18383.0,30.0,16722,FMCG,West,Budget,1000,2.19,115308
18057.0,17056.0,10.0,12085,Home Appliances,North,Budget,1754,1.35,50681
25620.0,,20.0,13123,FMCG,,Premium,1000,2.22,95710
24737.0,18026.0,5.0,15507,Home Appliances,West,Budget,1000,0.87,42197
16135.0,9422.0,15.0,17460,Electronics,South,Mid-tier,1000,1.85,74222
22035.0,19215.0,20.0,5169,Electronics,East,Premium,1000,1.56,56831
15141.0,10221.0,10.0,7395,,,Mid-tier,1000,1.73,46328
13101.0,16143.0,25.0,16583,FMCG,South,Premium,1000,2.92,121754
16866.0,11619.0,15.0,11030,FMCG,West,Premium,1080,2.78,96223
24311.0,17213.0,10.0,9648,Home Appliances,East,Mid-tier,1528,1.75,70297
24765.0,14864.0,15.0,7610,Sports,East,Budget,1000,1.84,70110
22565.0,8620.0,15.0,10057,FMCG,East,Mid-tier,1000,2.94,97973
23625.0,16682.0,5.0,7091,Fashion,South,Budget,1296,1.53,60563
22580.0,,10.0,19318,FMCG,North,Budget,1986,1.14,43903
16792.0,18524.0,10.0,11921,Sports,North,Mid-tier,1022,2.51,98030
22159.0,15005.0,10.0,11797,Electronics,North,Premium,1000,3.21,129853
24002.0,16581.0,20.0,14058,Electronics,North,Mid-tier,1719,1.82,81676
23771.0,11169.0,15.0,15368,Electronics,North,Premium,1000,2.14,86097
25944.0,12642.0,30.0,15310,FMCG,East,Budget,1086,0.93,59148
23541.0,13165.0,10.0,15757,Electronics,East,Premium,2243,2.23,93366
21757.0,18426.0,,9792,Sports,West,Mid-tier,1232,1.62,64127
25350.0,21709.0,20.0,10957,Sports,East,Premium,1551,1.63,82561
19867.0,11779.0,15.0,14691,FMCG,South,Budget,1000,1.56,48909
15590.0,,15.0,10154,Fashion,West,Budget,1229,1.72,58455
19184.0,6321.0,0.0,11982,FMCG,East,Premium,1330,2.29,68200
16275.0,10223.0,10.0,13395,Electronics,West,Budget,1000,1.54,52162
16624.0,11164.0,10.0,14748,FMCG,West,Budget,1000,2.32,82284
19277.0,9589.0,30.0,5778,Sports,North,Premium,1000,2.97,86065
16037.0,8665.0,10.0,14501,FMCG,West,Budget,1000,1.95,64288
18460.0,16651.0,25.0,11181,FMCG,East,Premium,1000,3.92,158010
10531.0,14143.0,20.0,14476,,North,Premium,1524,3.29,116346
21066.0,,,14719,Sports,East,Budget,1159,1.57,73798
20006.0,17761.0,15.0,17627,Home Appliances,North,Premium,1000,1.38,67439
15914.0,16062.0,25.0,16737,Home Appliances,East,Budget,1500,1.63,76501
23296.0,17631.0,25.0,16713,Sports,North,Budget,1858,2.45,124099
24687.0,14721.0,5.0,17052,Home Appliances,North,Budget,1693,2.04,94240
11962.0,10252.0,,13019,Electronics,South,Mid-tier,1000,1.91,54923
16186.0,19231.0,10.0,12112,Home Appliances,East,Budget,1000,1.65,66147
16154.0,12643.0,0.0,15054,Electronics,West,Premium,1000,2.48,82966
15300.0,11257.0,15.0,14562,Sports,North,Premium,1000,2.18,86525
24147.0,14288.0,25.0,10918,Home Appliances,,Premium,1518,2.32,89511
19030.0,11348.0,10.0,13416,Home Appliances,North,Mid-tier,1154,1.76,67597
18677.0,13330.0,20.0,11877,Electronics,South,Mid-tier,1756,2.47,89516
9980.0,16376.0,,9011,Electronics,South,Premium,1000,1.9,55187
23177.0,16393.0,10.0,16516,FMCG,South,Premium,1197,3.43,152752
,11408.0,5.0,12193,Fashion,South,Mid-tier,1178,2.05,69541
20299.0,13049.0,20.0,19170,Home Appliances,West,Premium,1000,1.91,86614
21386.0,19297.0,25.0,6310,,West,Budget,1000,2.26,81690
26803.0,16985.0,20.0,10051,Fashion,North,Budget,1000,2.42,101409
13455.0,23300.0,0.0,12114,Home Appliances,East,Premium,1093,4.28,166983
5000.0,19720.0,5.0,15980,Electronics,South,Budget,1000,2.2,70952
20919.0,19577.0,0.0,13398,,South,Premium,1835,1.87,81623
29002.0,9448.0,15.0,13086,Sports,West,Mid-tier,1236,2.26,85691
26194.0,18055.0,20.0,8054,,West,Premium,1000,4.31,172259
21048.0,14787.0,,7950,Home Appliances,South,Mid-tier,1000,1.65,60109
17541.0,12796.0,,13128,Sports,East,Budget,1417,1.23,51623
24035.0,15672.0,15.0,7225,Fashion,North,Budget,1590,1.55,53849
15132.0,18780.0,20.0,10138,FMCG,North,Budget,1000,1.31,54524
22381.0,17003.0,30.0,13753,,North,Premium,1000,2.34,108002
22527.0,11486.0,0.0,8561,Sports,North,Mid-tier,1000,1.67,58256
25301.0,17969.0,30.0,17618,Sports,East,Mid-tier,1000,2.71,147036
33798.0,12449.0,5.0,16283,FMCG,East,Budget,1000,1.11,56596
21962.0,15866.0,10.0,6500,Sports,East,Budget,1000,1.73,61269
17455.0,13786.0,25.0,8736,Sports,West,Mid-tier,1000,1.82,66432
19872.0,14124.0,30.0,3999,FMCG,South,Premium,1000,3.14,99345
11154.0,18064.0,15.0,9260,Home Appliances,East,Budget,1035,2.0,59863
16526.0,10839.0,15.0,14682,Fashion,North,Premium,1000,3.16,112504
17953.0,22780.0,20.0,10551,Home Appliances,East,Budget,1374,2.15,91171
17379.0,7715.0,25.0,13612,Home Appliances,South,Budget,1000,1.52,58010
20761.0,12609.0,5.0,6671,Fashion,West,Premium,1098,2.46,74554
15887.0,16480.0,25.0,14792,Home Appliances,North,Premium,1047,3.69,148560
25605.0,17337.0,15.0,10057,FMCG,West,Premium,1000,2.87,124732
20001.0,,15.0,12042,Fashion,East,Premium,1737,3.15,114733
19953.0,14770.0,10.0,11674,Electronics,North,Mid-tier,1000,1.46,54344
18360.0,16642.0,15.0,7549,Home Appliances,North,Mid-tier,1000,2.66,90739
20775.0,14075.0,30.0,7964,Sports,East,Budget,1000,0.97,51592
24125.0,20572.0,15.0,15387,Fashion,East,Budget,1000,1.06,56872
15664.0,18357.0,,13396,Electronics,South,Budget,1000,1.43,68371
16709.0,18491.0,5.0,15675,Sports,East,Mid-tier,2070,2.27,98697
18481.0,11135.0,20.0,13136,Electronics,East,Premium,1000,3.03,107911
13270.0,,25.0,12500,Home Appliances,,Budget,1000,1.43,63052
15903.0,13798.0,20.0,5958,Sports,North,Mid-tier,1000,1.14,42281
,10977.0,15.0,11053,Home Appliances,South,Budget,1000,2.13,78454
24371.0,16440.0,15.0,11904,Sports,North,Mid-tier,1000,2.47,103448
21312.0,12849.0,25.0,18835,,East,Premium,1910,2.99,136266
20967.0,17621.0,25.0,14404,FMCG,South,Mid-tier,1000,3.33,150169
24254.0,10719.0,5.0,17376,FMCG,East,Premium,1226,2.55,105573
19313.0,21876.0,,14091,Electronics,North,Budget,1000,1.35,74788
21952.0,11414.0,,9510,Sports,North,Premium,1034,3.36,110719
19483.0,15877.0,10.0,12409,Home Appliances,East,Mid-tier,1433,1.89,69109
21326.0,18167.0,25.0,12826,Fashion,South,Budget,1022,1.75,89654
17086.0,12717.0,,8712,Fashion,North,Budget,1000,1.45,56963
7805.0,18409.0,,10654,Fashion,East,Mid-tier,1000,1.78,58233
19328.0,10083.0,10.0,11279,FMCG,West,Premium,1066,2.25,77160
27113.0,20808.0,0.0,17619,Home Appliances,East,Mid-tier,1754,2.76,143227
24631.0,15056.0,15.0,4717,Fashion,East,Premium,1000,1.89,68396
24826.0,12614.0,5.0,16220,Fashion,South,Premium,1017,3.12,138845
26180.0,13803.0,,8721,Electronics,East,Budget,1581,0.95,36861
20443.0,18235.0,10.0,7197,Sports,West,Premium,1000,3.53,122338
20986.0,12662.0,,16129,Sports,,Budget,1000,2.4,98638
16911.0,12002.0,0.0,14561,Sports,,Mid-tier,1775,1.49,55657
,14113.0,10.0,16390,Electronics,North,Mid-tier,1000,2.14,93982
23078.0,10292.0,20.0,14802,FMCG,East,Budget,1271,2.04,79334
26019.0,22282.0,5.0,19209,Electronics,South,Budget,1000,1.39,66919
19302.0,12734.0,15.0,13955,Fashion,East,Premium,1421,3.79,146950
17749.0,18326.0,30.0,11452,Home Appliances,West,Budget,1000,1.85,83592
20002.0,,20.0,13200,Fashion,West,Mid-tier,1000,1.91,83306
23006.0,11061.0,25.0,16352,Fashion,South,Budget,1439,1.84,88112
12780.0,14976.0,5.0,9272,Home Appliances,West,Budget,1000,1.34,37151
8519.0,18136.0,10.0,9718,Sports,,Budget,1000,1.69,53347
17247.0,14246.0,25.0,10918,Electronics,West,Premium,1073,2.4,93395
13896.0,19772.0,20.0,4633,FMCG,East,Budget,1000,1.42,46047
17459.0,19086.0,15.0,12483,Fashion,East,Premium,1000,3.09,123078
19261.0,18675.0,20.0,5398,Fashion,West,Premium,1000,1.52,59101
17733.0,13161.0,10.0,12185,FMCG,South,Budget,1000,2.42,88349
27262.0,10680.0,0.0,15028,Electronics,North,Premium,1603,2.54,94121
21633.0,12545.0,20.0,10330,Fashion,South,Budget,1477,2.57,99130
21502.0,15784.0,20.0,17869,FMCG,North,Mid-tier,1000,2.73,130625
23111.0,17183.0,15.0,6888,Fashion,South,Mid-tier,1151,1.43,52553
14305.0,6313.0,25.0,16169,Sports,East,Premium,1000,2.75,105639
25195.0,14967.0,10.0,14362,Sports,East,Mid-tier,1808,1.16,48231
19621.0,15632.0,10.0,5993,Fashion,West,Budget,2005,1.3,48041
23352.0,13889.0,25.0,21487,Fashion,North,Premium,1545,2.61,135433
14640.0,20165.0,20.0,11776,Sports,North,Budget,1000,1.45,61128
12231.0,16687.0,15.0,8928,,West,Premium,1000,2.27,75261
24089.0,20240.0,5.0,7075,Electronics,South,Premium,1149,2.05,82487
21882.0,14136.0,5.0,11229,,West,Premium,1000,3.83,153413
15489.0,18749.0,20.0,11554,Home Appliances,South,Premium,1000,2.72,100207
15651.0,21540.0,10.0,12359,Electronics,West,Mid-tier,1078,2.43,86067
25627.0,20246.0,25.0,10957,Fashion,North,Mid-tier,2193,2.22,101906
14052.0,10631.0,30.0,14216,Fashion,North,Mid-tier,1195,2.49,92545
,13985.0,25.0,10643,FMCG,South,Premium,1000,1.31,66704
15496.0,13619.0,10.0,5227,Electronics,North,Mid-tier,1000,2.98,81164
23191.0,16957.0,20.0,11477,Sports,North,Premium,1217,2.16,93529
18356.0,17745.0,,3713,Sports,North,Mid-tier,1047,2.7,90823
23015.0,,5.0,13238,Home Appliances,North,Premium,1000,3.19,114493
17279.0,15271.0,0.0,8572,FMCG,East,Mid-tier,1000,1.1,42611
19186.0,6920.0,10.0,12571,Sports,West,Mid-tier,1000,2.13,71175
20204.0,20767.0,30.0,16599,Home Appliances,West,Mid-tier,1093,2.53,137337
14989.0,,5.0,8679,Electronics,East,Premium,1000,2.53,68640
23704.0,15223.0,5.0,15714,FMCG,North,Premium,1014,2.46,104319
17433.0,13761.0,,10483,FMCG,West,Mid-tier,1231,2.05,73177
18857.0,19584.0,0.0,18136,Fashion,West,Premium,1000,1.97,90459
15028.0,3649.0,20.0,10721,Electronics,West,Budget,1000,2.23,62032
7188.0,14933.0,10.0,9058,FMCG,South,Mid-tier,1371,2.31,73497
19044.0,14576.0,0.0,14405,Home Appliances,East,Mid-tier,1000,2.09,78865
32063.0,13185.0,30.0,10474,,South,Budget,1115,1.1,51841
23923.0,21904.0,5.0,9054,Electronics,South,Premium,1000,2.3,101453
19903.0,11450.0,,10327,Electronics,,Premium,1000,2.54,82891
18685.0,18087.0,10.0,11843,FMCG,West,Premium,2088,3.05,113092
20112.0,16425.0,0.0,16697,FMCG,South,Mid-tier,1911,1.13,50788
22735.0,,0.0,5230,FMCG,West,Mid-tier,1196,1.45,46851
14095.0,12331.0,5.0,12080,Home Appliances,,Mid-tier,1000,2.97,89859
25571.0,12068.0,0.0,14187,Fashion,West,Mid-tier,1000,1.6,69759
23576.0,19384.0,20.0,12677,FMCG,North,Mid-tier,1000,1.18,62587
23590.0,16701.0,15.0,16584,Fashion,North,Premium,1000,2.13,104404
22192.0,8820.0,10.0,11739,Fashion,,Budget,1000,1.35,41358
20098.0,12842.0,10.0,11354,Electronics,East,Premium,1269,2.93,107238
23364.0,16545.0,30.0,14073,Sports,North,Premium,1000,3.2,145896
22959.0,18351.0,30.0,12347,Sports,South,Mid-tier,1000,1.74,83884
18229.0,12283.0,20.0,10633,,West,Budget,1000,1.59,62067
17131.0,3342.0,,13806,Home Appliances,West,Budget,1109,2.04,67175
20509.0,17092.0,10.0,9716,Sports,West,Premium,1398,2.88,100466
27745.0,,10.0,9860,Sports,West,Budget,1000,1.25,52856
13804.0,6930.0,15.0,10152,Electronics,South,Premium,1249,1.98,60311
12662.0,3670.0,15.0,16735,Electronics,West,Premium,1000,3.95,112143
20823.0,18255.0,15.0,2000,Sports,South,Premium,1688,2.41,80745
20254.0,15514.0,10.0,13384,,South,Premium,1000,3.46,140903
20866.0,14097.0,30.0,12119,FMCG,West,Mid-tier,1000,2.43,92989
21219.0,20556.0,25.0,6116,Electronics,,Budget,1000,2.29,90843
18883.0,17549.0,10.0,13084,Fashion,,Mid-tier,1000,2.43,87489
27449.0,21465.0,20.0,13665,Sports,South,Mid-tier,1000,2.29,121694
,9429.0,10.0,14063,Home Appliances,East,Mid-tier,1291,2.18,70128
15857.0,14861.0,5.0,2718,FMCG,South,Premium,1000,1.7,40158
19483.0,8533.0,10.0,16782,Fashion,East,Premium,1000,2.41,89495
11784.0,14082.0,10.0,9417,FMCG,,Mid-tier,1000,1.83,53836
19120.0,14005.0,0.0,14402,Fashion,South,Mid-tier,1000,1.84,57879
28307.0,17506.0,25.0,14593,,West,Budget,1956,1.63,93470
20104.0,15182.0,10.0,8931,Sports,East,Mid-tier,1000,2.19,78695
21153.0,17493.0,15.0,14311,Sports,East,Premium,1545,2.99,129425
13699.0,17813.0,0.0,10650,Electronics,South,Mid-tier,1081,1.93,63276
16918.0,23619.0,5.0,4750,Fashion,South,Budget,1000,2.03,74697
18124.0,13738.0,25.0,16087,Home Appliances,South,Budget,1274,1.61,65785
18411.0,11235.0,15.0,9287,Home Appliances,South,Mid-tier,1000,2.2,67533
26408.0,15984.0,30.0,9009,Sports,North,Budget,1000,3.0,129018
22788.0,11790.0,30.0,10589,Home Appliances,North,Budget,1000,1.29,63955
14442.0,20927.0,10.0,12952,FMCG,West,Premium,1000,2.25,79435
21232.0,13867.0,10.0,11799,Fashion,East,Budget,1000,0.92,42689
22491.0,12737.0,25.0,13918,Fashion,East,Budget,1000,1.9,80511
25700.0,13114.0,30.0,7311,Fashion,West,Mid-tier,1000,2.31,90298
27902.0,17873.0,15.0,9401,FMCG,West,Premium,1216,2.66,115289
14924.0,14369.0,20.0,11594,Electronics,West,Budget,1000,1.36,48020
15945.0,12433.0,20.0,18642,FMCG,North,Mid-tier,1000,1.78,71758
13712.0,21661.0,10.0,11601,,West,Mid-tier,1990,2.13,85124
18829.0,11575.0,15.0,15798,Fashion,East,Mid-tier,1446,1.4,67727
22331.0,15142.0,25.0,12134,Fashion,West,Mid-tier,1000,2.75,111144
24936.0,17609.0,20.0,10307,Home Appliances,South,Mid-tier,1101,1.44,61706
19620.0,8474.0,0.0,11136,Electronics,,Mid-tier,1000,1.92,51017
18400.0,16921.0,10.0,11410,FMCG,East,Budget,1000,1.5,57744
20758.0,10779.0,5.0,14112,Fashion,East,Premium,1000,2.15,73335
15824.0,18291.0,5.0,16811,Sports,North,Premium,1105,1.47,57975
30447.0,11149.0,30.0,13258,Electronics,North,Mid-tier,1000,2.27,108051
11961.0,17771.0,,16154,Sports,East,Mid-tier,1000,1.4,45194
20923.0,19423.0,5.0,8623,Electronics,South,Premium,1000,2.55,104098
30118.0,18445.0,10.0,10548,Fashion,East,Budget,1000,1.36,58156
20033.0,16005.0,15.0,9464,Electronics,North,Mid-tier,1260,2.12,85953
19049.0,14074.0,15.0,13100,Electronics,South,Premium,1171,1.41,67889
18212.0,12694.0,5.0,10743,Fashion,East,Premium,1838,3.02,104640
19098.0,20884.0,5.0,14554,Sports,North,Mid-tier,1000,2.61,119449
26864.0,12202.0,5.0,8741,Sports,,Premium,1000,2.12,79894
8940.0,10851.0,15.0,12150,Home Appliances,West,Budget,1254,2.92,85183
27667.0,17661.0,10.0,14404,Sports,West,Premium,1362,3.0,146260
12880.0,11815.0,30.0,4771,,East,Mid-tier,1410,2.15,60927
18666.0,11199.0,15.0,19425,,West,Mid-tier,1732,1.89,86488
17853.0,9225.0,0.0,11008,,North,Premium,1000,1.93,61740
22942.0,13068.0,20.0,4912,,South,Premium,1000,2.25,78094
12009.0,14669.0,10.0,12553,Fashion,East,Mid-tier,1000,2.04,67974
22310.0,15972.0,20.0,12117,FMCG,South,Budget,1000,1.74,79078
30121.0,18805.0,10.0,11713,Home Appliances,South,Premium,1000,1.64,76471
13184.0,17107.0,15.0,15469,Electronics,South,Budget,1742,2.3,90126
20948.0,14236.0,20.0,14616,,North,Budget,1000,2.11,95182
16690.0,14207.0,30.0,13042,FMCG,East,Mid-tier,1000,3.36,131464
22129.0,17040.0,10.0,13575,Fashion,West,Mid-tier,1000,2.29,101718
20095.0,20090.0,10.0,11634,Sports,South,Mid-tier,2095,2.65,111119
16792.0,15505.0,15.0,18214,Electronics,South,Budget,1000,1.18,58164
22439.0,13123.0,30.0,6822,Home Appliances,South,Mid-tier,1432,2.65,103458
29021.0,11028.0,30.0,12488,,North,Mid-tier,1525,1.27,63361
19045.0,9219.0,0.0,12227,,West,Budget,1000,1.21,35570
23598.0,17665.0,5.0,14846,Fashion,South,Budget,1222,2.67,119727
13533.0,17311.0,15.0,9046,FMCG,North,Budget,1000,1.57,43287
15217.0,17309.0,5.0,5897,,North,Budget,1000,1.63,53173
22362.0,14485.0,,12548,Fashion,South,Premium,1000,2.96,111933
27420.0,20627.0,5.0,12984,Fashion,South,Mid-tier,1929,2.03,104140
21778.0,13063.0,15.0,17213,Fashion,North,Premium,1000,1.92,89700
18434.0,,30.0,7553,Electronics,North,Budget,1000,1.38,66097
19996.0,14845.0,30.0,16041,Electronics,South,Budget,1303,2.21,107858
13747.0,12566.0,10.0,20285,Electronics,North,Budget,1181,1.81,72365
23022.0,17370.0,15.0,10677,Sports,North,Budget,1000,2.08,86031
24411.0,16638.0,,7481,FMCG,South,Budget,1000,2.06,77199
,16427.0,5.0,10575,Electronics,South,Mid-tier,1000,2.08,81478
17649.0,15325.0,,12049,Sports,East,Premium,2190,2.65,95996
21329.0,14848.0,10.0,13973,FMCG,West,Premium,1000,2.58,104679
17816.0,24553.0,5.0,9930,Electronics,,Mid-tier,1000,1.86,83659
19669.0,19737.0,10.0,17443,,South,Mid-tier,1000,1.92,98919
30498.0,17891.0,,8099,Home Appliances,South,Mid-tier,1000,2.25,90386
18764.0,15447.0,20.0,5912,Electronics,West,Premium,1000,3.59,107505
18208.0,19028.0,10.0,15873,Home Appliances,East,Premium,1714,1.46,67684
16762.0,17071.0,10.0,4038,Electronics,North,Budget,1000,2.68,81122
23720.0,15104.0,5.0,11285,Fashion,West,Premium,1000,2.89,113137
19093.0,13785.0,25.0,22911,,South,Premium,1000,2.99,146888
16753.0,14676.0,15.0,11957,Sports,South,Mid-tier,1000,1.61,61082
,3000.0,15.0,8077,Fashion,East,Premium,1000,2.12,60106
27098.0,15842.0,15.0,11799,Home Appliances,East,Budget,1000,1.98,89058
16997.0,13046.0,10.0,11822,Home Appliances,East,Premium,2168,2.68,95932
10667.0,21370.0,5.0,12562,Fashion,North,Mid-tier,1000,1.39,53862
25037.0,15077.0,20.0,14317,Fashion,West,Mid-tier,1000,1.73,81234
16576.0,10244.0,5.0,8363,Fashion,West,Budget,1000,1.34,43548
23953.0,14800.0,5.0,17906,FMCG,East,Budget,1000,1.3,61210
10149.0,10815.0,20.0,12857,Sports,North,Premium,1347,2.82,87963
24462.0,16893.0,5.0,14543,Electronics,West,Budget,1000,1.22,55033
13944.0,16163.0,10.0,9801,Home Appliances,South,Budget,1000,2.01,61369
23653.0,18831.0,15.0,16502,Electronics,South,Mid-tier,1000,1.35,63900
20071.0,11836.0,10.0,11100,Fashion,South,Mid-tier,1000,2.61,89578
15230.0,15136.0,20.0,12971,Sports,West,Premium,1000,4.66,165750
17964.0,9539.0,15.0,8734,Sports,East,Premium,1000,3.08,90942
23431.0,17805.0,15.0,8510,FMCG,South,Premium,1000,2.23,93849
,17075.0,20.0,14408,Fashion,East,Premium,1000,2.31,106815
22922.0,16983.0,10.0,10447,Home Appliances,North,Mid-tier,1187,1.51,64027
29882.0,15006.0,10.0,9011,FMCG,South,Premium,1000,3.2,133827
12178.0,16659.0,10.0,9748,Fashion,North,Premium,1108,2.62,89838
28086.0,21417.0,10.0,14446,FMCG,East,Budget,2130,0.92,54530
20521.0,13859.0,30.0,9798,Electronics,West,Premium,1283,1.76,78183
15506.0,15554.0,25.0,11588,Fashion,East,Budget,1000,1.01,40151
13348.0,10655.0,5.0,12052,Home Appliances,South,Mid-tier,1140,2.44,62815
,11526.0,0.0,5289,Home Appliances,South,Premium,1811,1.8,42768
24608.0,15391.0,0.0,6851,Fashion,,Budget,1000,1.93,63319
19362.0,19415.0,,13176,FMCG,South,Premium,1382,2.12,92503
27555.0,13974.0,5.0,9420,Sports,South,Budget,1000,1.96,74982
12744.0,14056.0,15.0,15698,Fashion,North,Premium,1007,2.41,88601
19939.0,13372.0,25.0,15383,Home Appliances,West,Mid-tier,1000,2.78,119247
13738.0,12860.0,20.0,14517,Electronics,East,Mid-tier,1225,1.76,70987
21818.0,16179.0,5.0,18369,Home Appliances,North,Budget,1281,1.34,65827
24434.0,9010.0,10.0,11709,Sports,South,Budget,1614,1.49,52925
17896.0,20123.0,15.0,14271,Home Appliances,North,Mid-tier,1000,2.6,109518
6978.0,12338.0,25.0,9954,Sports,West,Premium,1000,1.97,55900
20994.0,17887.0,25.0,20583,Fashion,East,Budget,1071,1.54,86260
22183.0,9920.0,30.0,18942,Home Appliances,West,Mid-tier,2240,2.16,96397
22021.0,17675.0,15.0,12041,FMCG,,Budget,1358,1.89,86760
26178.0,17687.0,20.0,13353,FMCG,,Mid-tier,1809,1.98,90433
14644.0,16536.0,5.0,16757,Home Appliances,North,Mid-tier,1362,2.35,85677
23401.0,11022.0,15.0,11485,Home Appliances,West,Budget,1332,1.4,56304
25962.0,15998.0,5.0,9701,Electronics,South,Budget,1000,2.05,79008
11107.0,,10.0,15058,Home Appliances,East,Mid-tier,1000,2.5,82114
21598.0,13988.0,,12274,Electronics,South,Premium,1000,2.21,85521
17479.0,19117.0,10.0,12640,Electronics,South,Mid-tier,1046,2.48,102237
19592.0,18186.0,0.0,9080,Electronics,East,Premium,1000,1.75,66784
21738.0,15060.0,0.0,5988,Electronics,North,Premium,1000,2.5,74491
17563.0,11100.0,0.0,12826,Fashion,South,Premium,1000,1.93,64673
16621.0,17582.0,0.0,15167,FMCG,North,Budget,1000,1.73,76622
20170.0,15077.0,5.0,11209,,East,Mid-tier,1319,1.96,75794
14563.0,5718.0,5.0,17027,FMCG,South,Mid-tier,1000,1.66,48928
14570.0,18130.0,5.0,9536,Electronics,North,Premium,1500,1.49,53137
23396.0,14903.0,30.0,8308,FMCG,North,Premium,1021,2.61,97963
14256.0,19809.0,10.0,11764,Home Appliances,South,Premium,1000,3.27,117533
23331.0,10618.0,5.0,11710,Home Appliances,East,Mid-tier,1000,2.2,85061
22312.0,3000.0,15.0,14694,FMCG,West,Premium,1000,1.57,57437
11370.0,16116.0,25.0,9287,Electronics,North,Mid-tier,1000,2.12,81638
16612.0,16166.0,,16788,Fashion,East,Mid-tier,1208,2.85,125387
25970.0,,10.0,18884,FMCG,South,Budget,1000,1.55,65904
15094.0,11086.0,15.0,11862,Sports,North,Premium,1071,1.95,65876
17677.0,26020.0,20.0,16373,Fashion,North,Premium,1944,3.79,192646
22310.0,13777.0,20.0,8302,Sports,North,Premium,1000,1.93,84092
23916.0,17923.0,20.0,15763,FMCG,East,Budget,1158,1.66,87326
18742.0,12397.0,25.0,15665,Electronics,North,Premium,1000,2.28,92930
17012.0,6638.0,,15022,Sports,North,Mid-tier,1000,2.62,91464
27111.0,14318.0,,11945,FMCG,South,Premium,1383,2.89,124524
,,10.0,2000,Fashion,North,Mid-tier,1631,1.63,49055
24894.0,13400.0,15.0,9753,Electronics,East,Mid-tier,1000,1.77,70227
20426.0,14541.0,25.0,9809,Sports,South,Mid-tier,1000,2.33,89930
15958.0,16057.0,0.0,8576,FMCG,West,Mid-tier,1000,2.11,67805
15847.0,14399.0,30.0,12427,Electronics,South,Premium,1097,2.6,101563
22612.0,9943.0,5.0,10533,Electronics,North,Budget,1192,1.51,44042
22091.0,16944.0,15.0,9113,Home Appliances,West,Budget,1000,1.19,50084
27007.0,7202.0,25.0,8294,Electronics,South,Mid-tier,1000,3.29,115923
,6798.0,,9495,FMCG,North,Premium,1353,2.85,92126
12484.0,17956.0,15.0,15925,Fashion,South,Budget,1237,1.72,77390
25259.0,17028.0,5.0,9686,Home Appliances,East,Premium,1000,3.06,112237
15009.0,14770.0,,10197,FMCG,North,Budget,1000,1.59,47774
18080.0,9418.0,,10401,FMCG,East,Mid-tier,1000,1.63,44207
21251.0,12168.0,10.0,13186,FMCG,North,Mid-tier,1269,2.28,93918
29978.0,13949.0,10.0,13596,Sports,East,Mid-tier,1330,2.17,100354
35549.0,8616.0,30.0,2000,Sports,West,Budget,1000,2.61,107188
23033.0,12043.0,30.0,15575,Fashion,East,Premium,1309,2.25,109297
19084.0,,5.0,17027,FMCG,South,Mid-tier,1058,1.56,69232
22672.0,20709.0,20.0,8324,Sports,North,Premium,1676,4.03,162735
24438.0,13322.0,0.0,8596,,South,Premium,1000,3.11,107379
18396.0,18025.0,0.0,10424,Sports,East,Mid-tier,1000,2.32,87394
28976.0,7343.0,5.0,9353,Fashion,North,Budget,1000,1.36,52902
21150.0,17637.0,30.0,12783,Fashion,East,Mid-tier,1000,2.54,114106
22488.0,,30.0,5187,FMCG,West,Mid-tier,1000,1.56,69749
23329.0,16229.0,5.0,8087,Home Appliances,West,Budget,1861,1.43,52408
22107.0,14008.0,5.0,17387,FMCG,West,Premium,1782,1.74,81438
24194.0,20281.0,5.0,8751,Sports,East,Budget,1000,1.33,56759
16913.0,11502.0,15.0,16351,Sports,East,Budget,1016,1.21,48846
17208.0,17510.0,15.0,13243,Electronics,,Mid-tier,1000,2.52,92528
14499.0,13881.0,5.0,5667,FMCG,East,Budget,1540,2.37,56748
22197.0,14366.0,20.0,14223,Sports,South,Budget,1392,2.19,101354
23894.0,14264.0,10.0,11588,Sports,East,Budget,1481,1.99,83234
22288.0,,30.0,10405,Home Appliances,South,Premium,1000,2.53,101572
28372.0,14943.0,20.0,12857,Electronics,West,Premium,1682,2.77,133523
19972.0,14749.0,10.0,13661,FMCG,East,Mid-tier,1562,1.54,57658
23343.0,15964.0,20.0,14476,Fashion,West,Mid-tier,1000,1.49,68921
14541.0,15338.0,25.0,16123,FMCG,North,Premium,1000,1.72,74297
,18191.0,10.0,13428,FMCG,East,Budget,1238,1.17,43631
23477.0,18694.0,10.0,7185,Home Appliances,East,Mid-tier,1000,2.46,90150
24245.0,10797.0,30.0,10342,FMCG,West,Mid-tier,1800,2.76,102111
18530.0,18475.0,5.0,22300,Home Appliances,West,Budget,1255,1.27,55881
19642.0,10254.0,0.0,14535,Home Appliances,West,Budget,1000,1.72,54809
12410.0,17351.0,15.0,20292,Sports,North,Budget,1464,2.21,99194
18214.0,17478.0,25.0,16884,Fashion,North,Budget,1084,1.73,93811
24451.0,7354.0,20.0,12846,Home Appliances,West,Budget,1197,1.43,52765
22876.0,15371.0,30.0,13054,Electronics,East,Premium,1000,2.47,116990
22503.0,13126.0,15.0,11871,Electronics,East,Budget,1000,2.34,92383
20248.0,11964.0,5.0,5917,Fashion,West,Mid-tier,1000,2.01,60359
20035.0,20403.0,15.0,12063,Home Appliances,South,Premium,1000,3.96,168136
16698.0,12385.0,20.0,16237,Fashion,North,Mid-tier,1000,1.83,67016
23494.0,11774.0,0.0,9901,Sports,North,Budget,1125,1.4,41443
22104.0,15302.0,,13441,Electronics,South,Mid-tier,1244,1.33,57158
22460.0,17742.0,0.0,14980,FMCG,West,Budget,1119,2.03,86766
17369.0,14433.0,15.0,8816,Electronics,East,Mid-tier,1000,2.2,67017
9233.0,19665.0,25.0,10420,Home Appliances,East,Mid-tier,1198,1.74,66673
,17123.0,20.0,8437,Fashion,North,Budget,1000,1.6,72928
17605.0,6287.0,30.0,9122,Electronics,South,Mid-tier,1000,2.58,72475
15686.0,12882.0,,7493,FMCG,East,Premium,1000,1.9,49823
23467.0,12752.0,30.0,8848,,North,Mid-tier,1274,2.5,105313
18039.0,16917.0,25.0,16968,Fashion,East,Premium,1381,3.31,152117
25299.0,4500.0,10.0,8795,Fashion,East,Premium,1000,2.25,74893
23085.0,25196.0,30.0,12442,Electronics,East,Mid-tier,1470,1.23,70234
23417.0,17124.0,10.0,10239,Home Appliances,North,Premium,1000,2.35,99670
13170.0,15595.0,25.0,16126,Sports,South,Premium,1000,2.36,93489
26059.0,19726.0,25.0,16589,FMCG,West,Mid-tier,1000,1.55,91035
21306.0,24374.0,20.0,15024,Fashion,South,Budget,1000,2.02,101900
18153.0,18482.0,15.0,13071,Sports,East,Budget,1000,1.99,86860
20716.0,18795.0,5.0,11191,Sports,South,Premium,1000,2.59,105324
11118.0,15522.0,15.0,7828,Sports,East,Premium,1000,2.3,72863
22043.0,14433.0,10.0,18802,Home Appliances,North,Budget,1000,1.74,75639
14853.0,13096.0,20.0,9341,Fashion,North,Premium,1000,2.21,75103
13236.0,11695.0,20.0,14322,FMCG,North,Budget,1000,2.06,75305
12388.0,12251.0,30.0,15708,Fashion,East,Mid-tier,1000,2.05,88752
25563.0,9597.0,0.0,10056,,South,Premium,1000,2.25,71171
16853.0,14696.0,25.0,15633,FMCG,West,Mid-tier,1000,2.16,86788
27668.0,8261.0,30.0,14674,Fashion,West,Budget,1739,3.34,133419
17320.0,15763.0,20.0,18047,FMCG,North,Budget,1851,1.31,62404
11463.0,14854.0,5.0,10357,Electronics,West,Mid-tier,1000,1.81,53038
14417.0,15587.0,0.0,7499,FMCG,East,Premium,1000,1.44,39672
26179.0,12911.0,0.0,10230,Sports,South,Mid-tier,1417,2.13,75664
19220.0,27307.0,15.0,12730,,West,Mid-tier,1063,3.08,156511
17258.0,20440.0,15.0,12203,Electronics,West,Premium,1000,2.43,101406
20800.0,10021.0,30.0,10622,FMCG,South,Budget,1000,1.54,68724
22508.0,15931.0,10.0,5317,Electronics,West,Mid-tier,1015,2.07,72207
25586.0,12567.0,10.0,13646,Sports,South,Mid-tier,2318,2.64,103662
,10942.0,15.0,18903,Home Appliances,East,Budget,1528,2.31,109364
18201.0,9639.0,25.0,13624,Electronics,East,Mid-tier,1000,1.66,73807
13369.0,16728.0,30.0,14131,Sports,East,Budget,1000,2.14,96222
17932.0,12274.0,25.0,14003,Sports,North,Premium,1000,2.63,109513
21301.0,18871.0,10.0,13389,Sports,East,Budget,1000,2.29,101855
15181.0,18975.0,15.0,15260,FMCG,,Budget,1000,2.71,112172
15214.0,20495.0,25.0,13383,Fashion,North,Mid-tier,1404,3.27,148090
21718.0,11590.0,15.0,10905,Electronics,North,Budget,1000,1.3,53333
19756.0,16901.0,5.0,9214,Fashion,North,Budget,1110,1.29,51947
20163.0,17529.0,5.0,11128,Sports,,Mid-tier,1879,2.92,111755
16207.0,13103.0,0.0,13099,,North,Budget,1000,1.56,46738
18847.0,11912.0,20.0,10893,Sports,East,Mid-tier,1000,1.78,68358
15378.0,21438.0,5.0,13100,Sports,East,Premium,1000,1.62,75001
24450.0,15909.0,5.0,13537,Home Appliances,,Budget,1278,1.7,76020
25176.0,17543.0,10.0,14916,Home Appliances,North,Premium,1802,2.26,107357
10769.0,,15.0,16489,Fashion,West,Budget,1440,1.89,64216
15352.0,10122.0,10.0,12273,Electronics,North,Budget,1000,1.76,64677
12517.0,12722.0,20.0,7422,Fashion,East,Premium,1000,1.84,62882
16749.0,14503.0,0.0,10792,Electronics,West,Premium,1000,1.91,53042
19582.0,10743.0,5.0,12154,Fashion,West,Mid-tier,1000,2.53,89499
12751.0,14960.0,15.0,5574,FMCG,East,Mid-tier,1000,2.71,74405
15390.0,8245.0,10.0,16860,FMCG,North,Premium,1000,2.29,81191
14980.0,,10.0,12498,Electronics,North,Budget,1000,1.75,53358
21036.0,17683.0,0.0,13334,Home Appliances,South,Mid-tier,1000,1.48,59942
20346.0,17415.0,25.0,16779,,North,Budget,1445,1.78,83216
,13432.0,20.0,9794,Fashion,South,Mid-tier,1199,2.81,91275
20884.0,10928.0,5.0,14009,Sports,West,Mid-tier,1000,2.91,107585
17266.0,10890.0,0.0,11615,FMCG,West,Mid-tier,1000,1.94,55663
18641.0,13506.0,30.0,11355,Sports,West,Premium,1053,2.54,101950
28367.0,17578.0,20.0,9297,FMCG,South,Budget,1446,1.13,56095
26702.0,,10.0,17829,Fashion,East,Premium,1201,2.14,121532
,13013.0,20.0,10685,FMCG,East,Mid-tier,1000,2.16,69902
24148.0,10386.0,20.0,14448,Electronics,West,Premium,1000,2.52,102361
24056.0,16071.0,20.0,5437,Sports,South,Premium,1709,2.27,80563
14258.0,11705.0,15.0,16129,Sports,South,Premium,1000,3.35,128568
24093.0,12926.0,10.0,15682,Fashion,West,Budget,1547,1.85,80578
27689.0,,0.0,12341,Sports,North,Premium,1000,2.3,103173
14387.0,,30.0,11205,Fashion,West,Premium,1521,3.23,130297
15412.0,15631.0,15.0,13400,Home Appliances,South,Premium,1363,2.56,93254
25088.0,9912.0,5.0,20010,Electronics,,Premium,1028,3.41,142600
21357.0,15845.0,30.0,5828,FMCG,East,Premium,1154,2.21,85689
22757.0,,30.0,14737,FMCG,North,Premium,1797,2.99,146594
21702.0,,,8809,FMCG,East,Premium,1000,1.29,53518
21953.0,20404.0,25.0,11930,Home Appliances,South,Mid-tier,1000,2.03,98358
,20170.0,30.0,11132,Electronics,,Premium,1204,2.86,125347
25236.0,21654.0,5.0,10500,Sports,West,Premium,1164,2.26,101952
25847.0,16220.0,25.0,11963,,West,Budget,1271,1.3,55279
18853.0,17349.0,25.0,8030,Electronics,West,Mid-tier,1238,1.86,81360
19782.0,20656.0,5.0,15602,,West,Premium,1404,1.84,93446
12344.0,16789.0,0.0,5720,FMCG,South,Budget,1000,1.55,43871
22571.0,,30.0,13889,Sports,South,Premium,1000,3.3,140753
22860.0,13205.0,10.0,10857,Electronics,West,Premium,1699,2.3,78134
19689.0,,25.0,7901,Sports,North,Premium,1000,3.92,135521
25621.0,9837.0,0.0,12708,Electronics,West,Premium,1603,2.54,89681
18329.0,14426.0,,6550,Fashion,East,Premium,1496,1.17,30388
22823.0,19386.0,15.0,12138,FMCG,East,Budget,1000,1.86,81983
14901.0,6234.0,5.0,7019,Electronics,East,Premium,1000,2.43,54002
19882.0,21137.0,20.0,13614,Home Appliances,East,Budget,1000,2.37,107026
19128.0,19489.0,15.0,8764,Electronics,West,Premium,1775,2.57,107154
21126.0,13160.0,0.0,10421,Fashion,East,Budget,1000,1.5,50769
18152.0,17173.0,5.0,13028,Home Appliances,North,Mid-tier,1059,3.11,122232
19342.0,15012.0,10.0,9296,Home Appliances,West,Premium,1000,1.19,46823
24130.0,19919.0,5.0,11797,Electronics,East,Mid-tier,1000,1.87,83498
17816.0,18930.0,20.0,6701,Fashion,West,Mid-tier,1000,2.35,86570
11967.0,9399.0,10.0,14208,Home Appliances,West,Mid-tier,1000,1.89,64643
28747.0,17349.0,0.0,18177,,West,Premium,1083,1.14,62229
26907.0,14177.0,15.0,21772,FMCG,South,Mid-tier,1688,2.37,113789
13538.0,15331.0,0.0,12319,Sports,East,Budget,1000,1.42,39154
23448.0,12087.0,5.0,14758,Sports,South,Premium,1000,2.38,91264
17485.0,21992.0,5.0,5767,Fashion,North,Mid-tier,1294,2.7,88161
,19160.0,25.0,17259,Home Appliances,North,Premium,1000,2.91,140671
21471.0,12040.0,30.0,14716,FMCG,South,Mid-tier,1000,1.94,85095
18827.0,9661.0,25.0,10306,,East,Budget,1000,1.98,69208
16081.0,13457.0,10.0,16330,Fashion,West,Premium,1000,2.25,80314
16547.0,16738.0,10.0,11109,Home Appliances,North,Premium,1000,2.33,83103
15419.0,15960.0,15.0,10396,Fashion,North,Mid-tier,1266,2.56,97505
15840.0,20012.0,,13663,Electronics,North,Budget,1526,1.48,66634
19664.0,,30.0,8278,FMCG,East,Premium,1181,3.15,126876
16421.0,18878.0,5.0,15575,Fashion,South,Mid-tier,1000,1.93,80472
23410.0,16307.0,,8304,Fashion,South,Budget,1000,1.4,50016
27436.0,9442.0,20.0,8324,Electronics,East,Budget,1000,1.54,59163
17099.0,14217.0,,8816,,North,Budget,1000,1.52,62611
,19240.0,25.0,14658,FMCG,East,Budget,1000,1.84,87097
22498.0,14793.0,20.0,9841,Fashion,East,Premium,1000,2.46,97340
22360.0,17012.0,30.0,7282,FMCG,South,Premium,1331,3.7,139224
20379.0,13725.0,15.0,9880,Sports,East,Budget,1124,1.34,55140
23713.0,10880.0,30.0,11887,Fashion,East,Mid-tier,1000,2.61,100421
22411.0,14506.0,30.0,7866,Electronics,North,Mid-tier,1394,2.96,115605
13811.0,16236.0,25.0,7969,FMCG,West,Budget,1000,2.58,88952
24345.0,12377.0,10.0,19389,Electronics,North,Budget,1524,1.34,57459
24436.0,14057.0,,8988,Sports,South,Mid-tier,1268,2.57,101086
16183.0,11242.0,15.0,10869,Sports,West,Budget,1141,1.81,63773
20189.0,19476.0,15.0,10714,FMCG,North,Budget,1174,2.17,85516
23416.0,13822.0,25.0,10525,Sports,,Premium,1000,2.26,93987
18953.0,20811.0,,14174,Home Appliances,East,Premium,1410,2.39,95087
25364.0,21114.0,10.0,15318,FMCG,West,Budget,1041,1.53,68864
31819.0,14675.0,20.0,10929,Home Appliances,West,Budget,1204,1.56,81197
16070.0,10966.0,0.0,7672,Sports,East,Premium,1000,2.42,57253
13094.0,6656.0,10.0,16460,FMCG,South,Budget,1000,2.73,89797
21519.0,9111.0,10.0,11666,Home Appliances,North,Premium,1000,2.94,104570
23607.0,,15.0,18056,Sports,East,Premium,1202,2.35,96307
18845.0,20513.0,5.0,4140,Fashion,North,Mid-tier,1168,1.9,73443
27266.0,15463.0,25.0,12683,Fashion,North,Premium,1934,3.08,140508
13306.0,16558.0,10.0,18715,Electronics,North,Mid-tier,1096,2.0,85224
23464.0,6118.0,30.0,10763,,,Mid-tier,1000,2.19,75281
16970.0,10208.0,,11210,Home Appliances,,Premium,1163,1.86,57715
28596.0,18548.0,10.0,13034,Fashion,South,Budget,1358,1.66,68792
29962.0,16147.0,5.0,10044,FMCG,South,Premium,1000,0.91,35752
16166.0,14411.0,0.0,10907,FMCG,East,Mid-tier,1000,1.12,41689
17252.0,17259.0,15.0,10817,FMCG,East,Premium,1000,2.35,84745
24297.0,21543.0,5.0,9804,Fashion,East,Premium,1000,2.87,117121
18064.0,14115.0,10.0,16300,Fashion,South,Mid-tier,1000,2.95,111788
19772.0,15277.0,15.0,13613,Electronics,North,Premium,1465,2.84,107718
20126.0,15770.0,10.0,12877,Sports,South,Premium,1201,2.86,116758
10401.0,24568.0,5.0,14829,Electronics,East,Mid-tier,1128,2.11,82268
19930.0,6602.0,,11074,Home Appliances,West,Budget,1000,2.13,69621
16551.0,17732.0,30.0,9290,FMCG,East,Mid-tier,1439,2.42,94159
17534.0,14540.0,5.0,9890,Fashion,North,Mid-tier,1000,2.24,79092
27218.0,17267.0,5.0,12006,Sports,South,Premium,1048,1.5,61475
13717.0,12370.0,30.0,8292,Sports,West,Mid-tier,1189,2.45,77605
24066.0,14804.0,0.0,10249,Fashion,West,Premium,1000,2.41,82724
18605.0,17845.0,30.0,10193,Electronics,North,Premium,1038,2.47,99914
18601.0,27451.0,0.0,19435,,South,Premium,1053,2.19,110831
23951.0,18232.0,,2291,Electronics,West,Mid-tier,1000,1.5,58640
,11607.0,,11371,Fashion,East,Mid-tier,1000,2.38,93258
